2019-07-01T00:00+02:00;0.0187
2019-07-01T00:15+02:00;0.0268
2019-07-01T00:30+02:00;0.0192
2019-07-01T00:45+02:00;0.0220
2019-07-01T01:00+02:00;0.0222
2019-07-01T01:15+02:00;0.0198
2019-07-01T01:30+02:00;0.0203
2019-07-01T01:45+02:00;0.0212
2019-07-01T02:00+02:00;0.0215
2019-07-01T02:15+02:00;0.0255
2019-07-01T02:30+02:00;0.0263
2019-07-01T02:45+02:00;0.0275
2019-07-01T03:00+02:00;0.0220
2019-07-01T03:15+02:00;0.0187
2019-07-01T03:30+02:00;0.0200
2019-07-01T03:45+02:00;0.0185
2019-07-01T04:00+02:00;0.0206
2019-07-01T04:15+02:00;0.0307
2019-07-01T04:30+02:00;0.0368
2019-07-01T04:45+02:00;0.0490
2019-07-01T05:00+02:00;0.0782
2019-07-01T05:15+02:00;0.0727
2019-07-01T05:30+02:00;0.1008
2019-07-01T05:45+02:00;0.1169
2019-07-01T06:00+02:00;0.1362
2019-07-01T06:15+02:00;0.1139
2019-07-01T06:30+02:00;0.0881
2019-07-01T06:45+02:00;0.0935
2019-07-01T07:00+02:00;0.0651
2019-07-01T07:15+02:00;0.0484
2019-07-01T07:30+02:00;0.0237
2019-07-01T07:45+02:00;0.0162
2019-07-01T08:00+02:00;0.0155
2019-07-01T08:15+02:00;0.0212
2019-07-01T08:30+02:00;0.0387
2019-07-01T08:45+02:00;0.0629
2019-07-01T09:00+02:00;0.0689
2019-07-01T09:15+02:00;0.0805
2019-07-01T09:30+02:00;0.0797
2019-07-01T09:45+02:00;0.0926
2019-07-01T10:00+02:00;0.0681
2019-07-01T10:15+02:00;0.0771
2019-07-01T10:30+02:00;0.0770
2019-07-01T10:45+02:00;0.0685
2019-07-01T11:00+02:00;0.0705
2019-07-01T11:15+02:00;0.0601
2019-07-01T11:30+02:00;0.0507
2019-07-01T11:45+02:00;0.0461
2019-07-01T12:00+02:00;0.0371
2019-07-01T12:15+02:00;0.0407
2019-07-01T12:30+02:00;0.0183
2019-07-01T12:45+02:00;0.0141
2019-07-01T13:00+02:00;0.0054
2019-07-01T13:15+02:00;0.0077
2019-07-01T13:30+02:00;0.0194
2019-07-01T13:45+02:00;0.0582
2019-07-01T14:00+02:00;0.0769
2019-07-01T14:15+02:00;0.1197
2019-07-01T14:30+02:00;0.1666
2019-07-01T14:45+02:00;0.1460
2019-07-01T15:00+02:00;0.2133
2019-07-01T15:15+02:00;0.1621
2019-07-01T15:30+02:00;0.1763
2019-07-01T15:45+02:00;0.1723
2019-07-01T16:00+02:00;0.1655
2019-07-01T16:15+02:00;0.1265
2019-07-01T16:30+02:00;0.1267
2019-07-01T16:45+02:00;0.1704
2019-07-01T17:00+02:00;0.1343
2019-07-01T17:15+02:00;0.1591
2019-07-01T17:30+02:00;0.1902
2019-07-01T17:45+02:00;0.1820
2019-07-01T18:00+02:00;0.2169
2019-07-01T18:15+02:00;0.1936
2019-07-01T18:30+02:00;0.1487
2019-07-01T18:45+02:00;0.1717
2019-07-01T19:00+02:00;0.1475
2019-07-01T19:15+02:00;0.1285
2019-07-01T19:30+02:00;0.1579
2019-07-01T19:45+02:00;0.1633
2019-07-01T20:00+02:00;0.1995
2019-07-01T20:15+02:00;0.1622
2019-07-01T20:30+02:00;0.2337
2019-07-01T20:45+02:00;0.2008
2019-07-01T21:00+02:00;0.2109
2019-07-01T21:15+02:00;0.1661
2019-07-01T21:30+02:00;0.1475
2019-07-01T21:45+02:00;0.1149
2019-07-01T22:00+02:00;0.0933
2019-07-01T22:15+02:00;0.0918
2019-07-01T22:30+02:00;0.0768
2019-07-01T22:45+02:00;0.0616
2019-07-01T23:00+02:00;0.0487
2019-07-01T23:15+02:00;0.0437
2019-07-01T23:30+02:00;0.0386
2019-07-01T23:45+02:00;0.0266
2019-07-02T00:00+02:00;0.0154
2019-07-02T00:15+02:00;0.0174
2019-07-02T00:30+02:00;0.0138
2019-07-02T00:45+02:00;0.0126
2019-07-02T01:00+02:00;0.0170
2019-07-02T01:15+02:00;0.0184
2019-07-02T01:30+02:00;0.0180
2019-07-02T01:45+02:00;0.0127
2019-07-02T02:00+02:00;0.0183
2019-07-02T02:15+02:00;0.0161
2019-07-02T02:30+02:00;0.0130
2019-07-02T02:45+02:00;0.0144
2019-07-02T03:00+02:00;0.0178
2019-07-02T03:15+02:00;0.0173
2019-07-02T03:30+02:00;0.0109
2019-07-02T03:45+02:00;0.0146
2019-07-02T04:00+02:00;0.0157
2019-07-02T04:15+02:00;0.0204
2019-07-02T04:30+02:00;0.0303
2019-07-02T04:45+02:00;0.0320
2019-07-02T05:00+02:00;0.0545
2019-07-02T05:15+02:00;0.0638
2019-07-02T05:30+02:00;0.0786
2019-07-02T05:45+02:00;0.0907
2019-07-02T06:00+02:00;0.0804
2019-07-02T06:15+02:00;0.0639
2019-07-02T06:30+02:00;0.0753
2019-07-02T06:45+02:00;0.0564
2019-07-02T07:00+02:00;0.0533
2019-07-02T07:15+02:00;0.0284
2019-07-02T07:30+02:00;0.0213
2019-07-02T07:45+02:00;0.0151
2019-07-02T08:00+02:00;0.0115
2019-07-02T08:15+02:00;0.0188
2019-07-02T08:30+02:00;0.0236
2019-07-02T08:45+02:00;0.0350
2019-07-02T09:00+02:00;0.0533
2019-07-02T09:15+02:00;0.0668
2019-07-02T09:30+02:00;0.0538
2019-07-02T09:45+02:00;0.0680
2019-07-02T10:00+02:00;0.0562
2019-07-02T10:15+02:00;0.0408
2019-07-02T10:30+02:00;0.0394
2019-07-02T10:45+02:00;0.0542
2019-07-02T11:00+02:00;0.0420
2019-07-02T11:15+02:00;0.0378
2019-07-02T11:30+02:00;0.0384
2019-07-02T11:45+02:00;0.0339
2019-07-02T12:00+02:00;0.0308
2019-07-02T12:15+02:00;0.0235
2019-07-02T12:30+02:00;0.0158
2019-07-02T12:45+02:00;0.0077
2019-07-02T13:00+02:00;0.0042
2019-07-02T13:15+02:00;0.0063
2019-07-02T13:30+02:00;0.0142
2019-07-02T13:45+02:00;0.0322
2019-07-02T14:00+02:00;0.0490
2019-07-02T14:15+02:00;0.1005
2019-07-02T14:30+02:00;0.1110
2019-07-02T14:45+02:00;0.1260
2019-07-02T15:00+02:00;0.1205
2019-07-02T15:15+02:00;0.1212
2019-07-02T15:30+02:00;0.1226
2019-07-02T15:45+02:00;0.1160
2019-07-02T16:00+02:00;0.1209
2019-07-02T16:15+02:00;0.1107
2019-07-02T16:30+02:00;0.1116
2019-07-02T16:45+02:00;0.1169
2019-07-02T17:00+02:00;0.1299
2019-07-02T17:15+02:00;0.1287
2019-07-02T17:30+02:00;0.1681
2019-07-02T17:45+02:00;0.1218
2019-07-02T18:00+02:00;0.1147
2019-07-02T18:15+02:00;0.1252
2019-07-02T18:30+02:00;0.0997
2019-07-02T18:45+02:00;0.1098
2019-07-02T19:00+02:00;0.1099
2019-07-02T19:15+02:00;0.1110
2019-07-02T19:30+02:00;0.0991
2019-07-02T19:45+02:00;0.1080
2019-07-02T20:00+02:00;0.1109
2019-07-02T20:15+02:00;0.1380
2019-07-02T20:30+02:00;0.1178
2019-07-02T20:45+02:00;0.1181
2019-07-02T21:00+02:00;0.1489
2019-07-02T21:15+02:00;0.1314
2019-07-02T21:30+02:00;0.1011
2019-07-02T21:45+02:00;0.0855
2019-07-02T22:00+02:00;0.0568
2019-07-02T22:15+02:00;0.0568
2019-07-02T22:30+02:00;0.0489
2019-07-02T22:45+02:00;0.0515
2019-07-02T23:00+02:00;0.0416
2019-07-02T23:15+02:00;0.0352
2019-07-02T23:30+02:00;0.0343
2019-07-02T23:45+02:00;0.0250
2019-07-03T00:00+02:00;0.0121
2019-07-03T00:15+02:00;0.0154
2019-07-03T00:30+02:00;0.0147
2019-07-03T00:45+02:00;0.0140
2019-07-03T01:00+02:00;0.0118
2019-07-03T01:15+02:00;0.0146
2019-07-03T01:30+02:00;0.0145
2019-07-03T01:45+02:00;0.0116
2019-07-03T02:00+02:00;0.0144
2019-07-03T02:15+02:00;0.0122
2019-07-03T02:30+02:00;0.0157
2019-07-03T02:45+02:00;0.0126
2019-07-03T03:00+02:00;0.0108
2019-07-03T03:15+02:00;0.0118
2019-07-03T03:30+02:00;0.0095
2019-07-03T03:45+02:00;0.0131
2019-07-03T04:00+02:00;0.0132
2019-07-03T04:15+02:00;0.0163
2019-07-03T04:30+02:00;0.0236
2019-07-03T04:45+02:00;0.0357
2019-07-03T05:00+02:00;0.0317
2019-07-03T05:15+02:00;0.0415
2019-07-03T05:30+02:00;0.0575
2019-07-03T05:45+02:00;0.0554
2019-07-03T06:00+02:00;0.0735
2019-07-03T06:15+02:00;0.0555
2019-07-03T06:30+02:00;0.0646
2019-07-03T06:45+02:00;0.0542
2019-07-03T07:00+02:00;0.0413
2019-07-03T07:15+02:00;0.0272
2019-07-03T07:30+02:00;0.0201
2019-07-03T07:45+02:00;0.0120
2019-07-03T08:00+02:00;0.0087
2019-07-03T08:15+02:00;0.0116
2019-07-03T08:30+02:00;0.0206
2019-07-03T08:45+02:00;0.0326
2019-07-03T09:00+02:00;0.0431
2019-07-03T09:15+02:00;0.0422
2019-07-03T09:30+02:00;0.0558
2019-07-03T09:45+02:00;0.0496
2019-07-03T10:00+02:00;0.0454
2019-07-03T10:15+02:00;0.0363
2019-07-03T10:30+02:00;0.0428
2019-07-03T10:45+02:00;0.0334
2019-07-03T11:00+02:00;0.0439
2019-07-03T11:15+02:00;0.0369
2019-07-03T11:30+02:00;0.0318
2019-07-03T11:45+02:00;0.0360
2019-07-03T12:00+02:00;0.0225
2019-07-03T12:15+02:00;0.0170
2019-07-03T12:30+02:00;0.0134
2019-07-03T12:45+02:00;0.0071
2019-07-03T13:00+02:00;0.0034
2019-07-03T13:15+02:00;0.0044
2019-07-03T13:30+02:00;0.0123
2019-07-03T13:45+02:00;0.0301
2019-07-03T14:00+02:00;0.0593
2019-07-03T14:15+02:00;0.0652
2019-07-03T14:30+02:00;0.0910
2019-07-03T14:45+02:00;0.0895
2019-07-03T15:00+02:00;0.1125
2019-07-03T15:15+02:00;0.1320
2019-07-03T15:30+02:00;0.1210
2019-07-03T15:45+02:00;0.0972
2019-07-03T16:00+02:00;0.1040
2019-07-03T16:15+02:00;0.0813
2019-07-03T16:30+02:00;0.0733
2019-07-03T16:45+02:00;0.0894
2019-07-03T17:00+02:00;0.0971
2019-07-03T17:15+02:00;0.1260
2019-07-03T17:30+02:00;0.1347
2019-07-03T17:45+02:00;0.0975
2019-07-03T18:00+02:00;0.1041
2019-07-03T18:15+02:00;0.1053
2019-07-03T18:30+02:00;0.0815
2019-07-03T18:45+02:00;0.0964
2019-07-03T19:00+02:00;0.0791
2019-07-03T19:15+02:00;0.0977
2019-07-03T19:30+02:00;0.1091
2019-07-03T19:45+02:00;0.0963
2019-07-03T20:00+02:00;0.1091
2019-07-03T20:15+02:00;0.1130
2019-07-03T20:30+02:00;0.1404
2019-07-03T20:45+02:00;0.1024
2019-07-03T21:00+02:00;0.1059
2019-07-03T21:15+02:00;0.1007
2019-07-03T21:30+02:00;0.0916
2019-07-03T21:45+02:00;0.0700
2019-07-03T22:00+02:00;0.0589
2019-07-03T22:15+02:00;0.0557
2019-07-03T22:30+02:00;0.0417
2019-07-03T22:45+02:00;0.0339
2019-07-03T23:00+02:00;0.0353
2019-07-03T23:15+02:00;0.0330
2019-07-03T23:30+02:00;0.0221
2019-07-03T23:45+02:00;0.0223
2019-07-04T00:00+02:00;0.0255
2019-07-04T00:15+02:00;0.0264
2019-07-04T00:30+02:00;0.0205
2019-07-04T00:45+02:00;0.0223
2019-07-04T01:00+02:00;0.0244
2019-07-04T01:15+02:00;0.0261
2019-07-04T01:30+02:00;0.0235
2019-07-04T01:45+02:00;0.0229
2019-07-04T02:00+02:00;0.0253
2019-07-04T02:15+02:00;0.0230
2019-07-04T02:30+02:00;0.0270
2019-07-04T02:45+02:00;0.0234
2019-07-04T03:00+02:00;0.0266
2019-07-04T03:15+02:00;0.0220
2019-07-04T03:30+02:00;0.0193
2019-07-04T03:45+02:00;0.0189
2019-07-04T04:00+02:00;0.0216
2019-07-04T04:15+02:00;0.0340
2019-07-04T04:30+02:00;0.0357
2019-07-04T04:45+02:00;0.0621
2019-07-04T05:00+02:00;0.0847
2019-07-04T05:15+02:00;0.0821
2019-07-04T05:30+02:00;0.0956
2019-07-04T05:45+02:00;0.1149
2019-07-04T06:00+02:00;0.1358
2019-07-04T06:15+02:00;0.1296
2019-07-04T06:30+02:00;0.0967
2019-07-04T06:45+02:00;0.1074
2019-07-04T07:00+02:00;0.0758
2019-07-04T07:15+02:00;0.0483
2019-07-04T07:30+02:00;0.0309
2019-07-04T07:45+02:00;0.0212
2019-07-04T08:00+02:00;0.0166
2019-07-04T08:15+02:00;0.0214
2019-07-04T08:30+02:00;0.0474
2019-07-04T08:45+02:00;0.0553
2019-07-04T09:00+02:00;0.0921
2019-07-04T09:15+02:00;0.1177
2019-07-04T09:30+02:00;0.1024
2019-07-04T09:45+02:00;0.0809
2019-07-04T10:00+02:00;0.0763
2019-07-04T10:15+02:00;0.0773
2019-07-04T10:30+02:00;0.0741
2019-07-04T10:45+02:00;0.0826
2019-07-04T11:00+02:00;0.0804
2019-07-04T11:15+02:00;0.0641
2019-07-04T11:30+02:00;0.0740
2019-07-04T11:45+02:00;0.0516
2019-07-04T12:00+02:00;0.0538
2019-07-04T12:15+02:00;0.0445
2019-07-04T12:30+02:00;0.0226
2019-07-04T12:45+02:00;0.0113
2019-07-04T13:00+02:00;0.0060
2019-07-04T13:15+02:00;0.0086
2019-07-04T13:30+02:00;0.0249
2019-07-04T13:45+02:00;0.0643
2019-07-04T14:00+02:00;0.1133
2019-07-04T14:15+02:00;0.1339
2019-07-04T14:30+02:00;0.1492
2019-07-04T14:45+02:00;0.2146
2019-07-04T15:00+02:00;0.2460
2019-07-04T15:15+02:00;0.1962
2019-07-04T15:30+02:00;0.2031
2019-07-04T15:45+02:00;0.1879
2019-07-04T16:00+02:00;0.1595
2019-07-04T16:15+02:00;0.1378
2019-07-04T16:30+02:00;0.1229
2019-07-04T16:45+02:00;0.1565
2019-07-04T17:00+02:00;0.1557
2019-07-04T17:15+02:00;0.1960
2019-07-04T17:30+02:00;0.2368
2019-07-04T17:45+02:00;0.2691
2019-07-04T18:00+02:00;0.1920
2019-07-04T18:15+02:00;0.1953
2019-07-04T18:30+02:00;0.1499
2019-07-04T18:45+02:00;0.1731
2019-07-04T19:00+02:00;0.1606
2019-07-04T19:15+02:00;0.1520
2019-07-04T19:30+02:00;0.1809
2019-07-04T19:45+02:00;0.2308
2019-07-04T20:00+02:00;0.2193
2019-07-04T20:15+02:00;0.2533
2019-07-04T20:30+02:00;0.2669
2019-07-04T20:45+02:00;0.2675
2019-07-04T21:00+02:00;0.2055
2019-07-04T21:15+02:00;0.1720
2019-07-04T21:30+02:00;0.1552
2019-07-04T21:45+02:00;0.1234
2019-07-04T22:00+02:00;0.0903
2019-07-04T22:15+02:00;0.0987
2019-07-04T22:30+02:00;0.0725
2019-07-04T22:45+02:00;0.0823
2019-07-04T23:00+02:00;0.0653
2019-07-04T23:15+02:00;0.0458
2019-07-04T23:30+02:00;0.0414
2019-07-04T23:45+02:00;0.0315
2019-07-05T00:00+02:00;0.0193
2019-07-05T00:15+02:00;0.0253
2019-07-05T00:30+02:00;0.0243
2019-07-05T00:45+02:00;0.0209
2019-07-05T01:00+02:00;0.0246
2019-07-05T01:15+02:00;0.0189
2019-07-05T01:30+02:00;0.0238
2019-07-05T01:45+02:00;0.0204
2019-07-05T02:00+02:00;0.0181
2019-07-05T02:15+02:00;0.0233
2019-07-05T02:30+02:00;0.0234
2019-07-05T02:45+02:00;0.0208
2019-07-05T03:00+02:00;0.0239
2019-07-05T03:15+02:00;0.0213
2019-07-05T03:30+02:00;0.0165
2019-07-05T03:45+02:00;0.0209
2019-07-05T04:00+02:00;0.0239
2019-07-05T04:15+02:00;0.0271
2019-07-05T04:30+02:00;0.0336
2019-07-05T04:45+02:00;0.0561
2019-07-05T05:00+02:00;0.0617
2019-07-05T05:15+02:00;0.0923
2019-07-05T05:30+02:00;0.0814
2019-07-05T05:45+02:00;0.1205
2019-07-05T06:00+02:00;0.0991
2019-07-05T06:15+02:00;0.0990
2019-07-05T06:30+02:00;0.0816
2019-07-05T06:45+02:00;0.0675
2019-07-05T07:00+02:00;0.0528
2019-07-05T07:15+02:00;0.0447
2019-07-05T07:30+02:00;0.0238
2019-07-05T07:45+02:00;0.0217
2019-07-05T08:00+02:00;0.0180
2019-07-05T08:15+02:00;0.0196
2019-07-05T08:30+02:00;0.0435
2019-07-05T08:45+02:00;0.0484
2019-07-05T09:00+02:00;0.0889
2019-07-05T09:15+02:00;0.0866
2019-07-05T09:30+02:00;0.0857
2019-07-05T09:45+02:00;0.0815
2019-07-05T10:00+02:00;0.0637
2019-07-05T10:15+02:00;0.0672
2019-07-05T10:30+02:00;0.0532
2019-07-05T10:45+02:00;0.0635
2019-07-05T11:00+02:00;0.0628
2019-07-05T11:15+02:00;0.0639
2019-07-05T11:30+02:00;0.0644
2019-07-05T11:45+02:00;0.0634
2019-07-05T12:00+02:00;0.0356
2019-07-05T12:15+02:00;0.0320
2019-07-05T12:30+02:00;0.0181
2019-07-05T12:45+02:00;0.0124
2019-07-05T13:00+02:00;0.0060
2019-07-05T13:15+02:00;0.0087
2019-07-05T13:30+02:00;0.0217
2019-07-05T13:45+02:00;0.0551
2019-07-05T14:00+02:00;0.0734
2019-07-05T14:15+02:00;0.1287
2019-07-05T14:30+02:00;0.1403
2019-07-05T14:45+02:00;0.1790
2019-07-05T15:00+02:00;0.1744
2019-07-05T15:15+02:00;0.1824
2019-07-05T15:30+02:00;0.1858
2019-07-05T15:45+02:00;0.1277
2019-07-05T16:00+02:00;0.1517
2019-07-05T16:15+02:00;0.1407
2019-07-05T16:30+02:00;0.1513
2019-07-05T16:45+02:00;0.1513
2019-07-05T17:00+02:00;0.1421
2019-07-05T17:15+02:00;0.1488
2019-07-05T17:30+02:00;0.1649
2019-07-05T17:45+02:00;0.2262
2019-07-05T18:00+02:00;0.1846
2019-07-05T18:15+02:00;0.1459
2019-07-05T18:30+02:00;0.1806
2019-07-05T18:45+02:00;0.1484
2019-07-05T19:00+02:00;0.1483
2019-07-05T19:15+02:00;0.1540
2019-07-05T19:30+02:00;0.1408
2019-07-05T19:45+02:00;0.1429
2019-07-05T20:00+02:00;0.1518
2019-07-05T20:15+02:00;0.2014
2019-07-05T20:30+02:00;0.1595
2019-07-05T20:45+02:00;0.1915
2019-07-05T21:00+02:00;0.1476
2019-07-05T21:15+02:00;0.1837
2019-07-05T21:30+02:00;0.1095
2019-07-05T21:45+02:00;0.1004
2019-07-05T22:00+02:00;0.0738
2019-07-05T22:15+02:00;0.0738
2019-07-05T22:30+02:00;0.0720
2019-07-05T22:45+02:00;0.0649
2019-07-05T23:00+02:00;0.0578
2019-07-05T23:15+02:00;0.0429
2019-07-05T23:30+02:00;0.0401
2019-07-05T23:45+02:00;0.0361
2019-07-06T00:00+02:00;0.0246
2019-07-06T00:15+02:00;0.0239
2019-07-06T00:30+02:00;0.0210
2019-07-06T00:45+02:00;0.0205
2019-07-06T01:00+02:00;0.0255
2019-07-06T01:15+02:00;0.0192
2019-07-06T01:30+02:00;0.0185
2019-07-06T01:45+02:00;0.0250
2019-07-06T02:00+02:00;0.0191
2019-07-06T02:15+02:00;0.0184
2019-07-06T02:30+02:00;0.0237
2019-07-06T02:45+02:00;0.0221
2019-07-06T03:00+02:00;0.0219
2019-07-06T03:15+02:00;0.0223
2019-07-06T03:30+02:00;0.0152
2019-07-06T03:45+02:00;0.0195
2019-07-06T04:00+02:00;0.0259
2019-07-06T04:15+02:00;0.0321
2019-07-06T04:30+02:00;0.0431
2019-07-06T04:45+02:00;0.0521
2019-07-06T05:00+02:00;0.0605
2019-07-06T05:15+02:00;0.0880
2019-07-06T05:30+02:00;0.1057
2019-07-06T05:45+02:00;0.0870
2019-07-06T06:00+02:00;0.0973
2019-07-06T06:15+02:00;0.0944
2019-07-06T06:30+02:00;0.0888
2019-07-06T06:45+02:00;0.0730
2019-07-06T07:00+02:00;0.0714
2019-07-06T07:15+02:00;0.0408
2019-07-06T07:30+02:00;0.0243
2019-07-06T07:45+02:00;0.0209
2019-07-06T08:00+02:00;0.0186
2019-07-06T08:15+02:00;0.0211
2019-07-06T08:30+02:00;0.0395
2019-07-06T08:45+02:00;0.0460
2019-07-06T09:00+02:00;0.0840
2019-07-06T09:15+02:00;0.1043
2019-07-06T09:30+02:00;0.0880
2019-07-06T09:45+02:00;0.0886
2019-07-06T10:00+02:00;0.0737
2019-07-06T10:15+02:00;0.0530
2019-07-06T10:30+02:00;0.0564
2019-07-06T10:45+02:00;0.0518
2019-07-06T11:00+02:00;0.0564
2019-07-06T11:15+02:00;0.0679
2019-07-06T11:30+02:00;0.0673
2019-07-06T11:45+02:00;0.0508
2019-07-06T12:00+02:00;0.0442
2019-07-06T12:15+02:00;0.0378
2019-07-06T12:30+02:00;0.0250
2019-07-06T12:45+02:00;0.0113
2019-07-06T13:00+02:00;0.0047
2019-07-06T13:15+02:00;0.0077
2019-07-06T13:30+02:00;0.0188
2019-07-06T13:45+02:00;0.0584
2019-07-06T14:00+02:00;0.0898
2019-07-06T14:15+02:00;0.0996
2019-07-06T14:30+02:00;0.1405
2019-07-06T14:45+02:00;0.2013
2019-07-06T15:00+02:00;0.2198
2019-07-06T15:15+02:00;0.1858
2019-07-06T15:30+02:00;0.1905
2019-07-06T15:45+02:00;0.1644
2019-07-06T16:00+02:00;0.1227
2019-07-06T16:15+02:00;0.1235
2019-07-06T16:30+02:00;0.1144
2019-07-06T16:45+02:00;0.1213
2019-07-06T17:00+02:00;0.1722
2019-07-06T17:15+02:00;0.2137
2019-07-06T17:30+02:00;0.1748
2019-07-06T17:45+02:00;0.2119
2019-07-06T18:00+02:00;0.2031
2019-07-06T18:15+02:00;0.2051
2019-07-06T18:30+02:00;0.1812
2019-07-06T18:45+02:00;0.1445
2019-07-06T19:00+02:00;0.1331
2019-07-06T19:15+02:00;0.1615
2019-07-06T19:30+02:00;0.1894
2019-07-06T19:45+02:00;0.2029
2019-07-06T20:00+02:00;0.1939
2019-07-06T20:15+02:00;0.1990
2019-07-06T20:30+02:00;0.2189
2019-07-06T20:45+02:00;0.2145
2019-07-06T21:00+02:00;0.1608
2019-07-06T21:15+02:00;0.1662
2019-07-06T21:30+02:00;0.1347
2019-07-06T21:45+02:00;0.0918
2019-07-06T22:00+02:00;0.0915
2019-07-06T22:15+02:00;0.0788
2019-07-06T22:30+02:00;0.0818
2019-07-06T22:45+02:00;0.0545
2019-07-06T23:00+02:00;0.0519
2019-07-06T23:15+02:00;0.0422
2019-07-06T23:30+02:00;0.0380
2019-07-06T23:45+02:00;0.0265
2019-07-07T00:00+02:00;0.0124
2019-07-07T00:15+02:00;0.0181
2019-07-07T00:30+02:00;0.0124
2019-07-07T00:45+02:00;0.0137
2019-07-07T01:00+02:00;0.0130
2019-07-07T01:15+02:00;0.0126
2019-07-07T01:30+02:00;0.0148
2019-07-07T01:45+02:00;0.0163
2019-07-07T02:00+02:00;0.0130
2019-07-07T02:15+02:00;0.0165
2019-07-07T02:30+02:00;0.0130
2019-07-07T02:45+02:00;0.0131
2019-07-07T03:00+02:00;0.0147
2019-07-07T03:15+02:00;0.0161
2019-07-07T03:30+02:00;0.0112
2019-07-07T03:45+02:00;0.0128
2019-07-07T04:00+02:00;0.0162
2019-07-07T04:15+02:00;0.0199
2019-07-07T04:30+02:00;0.0263
2019-07-07T04:45+02:00;0.0386
2019-07-07T05:00+02:00;0.0458
2019-07-07T05:15+02:00;0.0539
2019-07-07T05:30+02:00;0.0657
2019-07-07T05:45+02:00;0.0627
2019-07-07T06:00+02:00;0.0772
2019-07-07T06:15+02:00;0.0884
2019-07-07T06:30+02:00;0.0675
2019-07-07T06:45+02:00;0.0481
2019-07-07T07:00+02:00;0.0455
2019-07-07T07:15+02:00;0.0272
2019-07-07T07:30+02:00;0.0234
2019-07-07T07:45+02:00;0.0143
2019-07-07T08:00+02:00;0.0097
2019-07-07T08:15+02:00;0.0150
2019-07-07T08:30+02:00;0.0248
2019-07-07T08:45+02:00;0.0418
2019-07-07T09:00+02:00;0.0500
2019-07-07T09:15+02:00;0.0506
2019-07-07T09:30+02:00;0.0703
2019-07-07T09:45+02:00;0.0605
2019-07-07T10:00+02:00;0.0580
2019-07-07T10:15+02:00;0.0475
2019-07-07T10:30+02:00;0.0397
2019-07-07T10:45+02:00;0.0492
2019-07-07T11:00+02:00;0.0422
2019-07-07T11:15+02:00;0.0540
2019-07-07T11:30+02:00;0.0356
2019-07-07T11:45+02:00;0.0387
2019-07-07T12:00+02:00;0.0304
2019-07-07T12:15+02:00;0.0244
2019-07-07T12:30+02:00;0.0145
2019-07-07T12:45+02:00;0.0085
2019-07-07T13:00+02:00;0.0037
2019-07-07T13:15+02:00;0.0064
2019-07-07T13:30+02:00;0.0140
2019-07-07T13:45+02:00;0.0383
2019-07-07T14:00+02:00;0.0485
2019-07-07T14:15+02:00;0.0850
2019-07-07T14:30+02:00;0.1256
2019-07-07T14:45+02:00;0.1364
2019-07-07T15:00+02:00;0.1205
2019-07-07T15:15+02:00;0.1211
2019-07-07T15:30+02:00;0.1200
2019-07-07T15:45+02:00;0.1191
2019-07-07T16:00+02:00;0.1050
2019-07-07T16:15+02:00;0.0929
2019-07-07T16:30+02:00;0.0777
2019-07-07T16:45+02:00;0.1142
2019-07-07T17:00+02:00;0.0922
2019-07-07T17:15+02:00;0.1354
2019-07-07T17:30+02:00;0.1258
2019-07-07T17:45+02:00;0.1557
2019-07-07T18:00+02:00;0.1088
2019-07-07T18:15+02:00;0.1111
2019-07-07T18:30+02:00;0.1116
2019-07-07T18:45+02:00;0.1217
2019-07-07T19:00+02:00;0.1133
2019-07-07T19:15+02:00;0.1233
2019-07-07T19:30+02:00;0.1067
2019-07-07T19:45+02:00;0.1040
2019-07-07T20:00+02:00;0.1223
2019-07-07T20:15+02:00;0.1601
2019-07-07T20:30+02:00;0.1408
2019-07-07T20:45+02:00;0.1504
2019-07-07T21:00+02:00;0.1250
2019-07-07T21:15+02:00;0.1300
2019-07-07T21:30+02:00;0.0731
2019-07-07T21:45+02:00;0.0610
2019-07-07T22:00+02:00;0.0765
2019-07-07T22:15+02:00;0.0591
2019-07-07T22:30+02:00;0.0430
2019-07-07T22:45+02:00;0.0455
2019-07-07T23:00+02:00;0.0320
2019-07-07T23:15+02:00;0.0347
2019-07-07T23:30+02:00;0.0307
2019-07-07T23:45+02:00;0.0183
2019-07-08T00:00+02:00;0.0119
2019-07-08T00:15+02:00;0.0129
2019-07-08T00:30+02:00;0.0161
2019-07-08T00:45+02:00;0.0110
2019-07-08T01:00+02:00;0.0119
2019-07-08T01:15+02:00;0.0159
2019-07-08T01:30+02:00;0.0159
2019-07-08T01:45+02:00;0.0109
2019-07-08T02:00+02:00;0.0115
2019-07-08T02:15+02:00;0.0117
2019-07-08T02:30+02:00;0.0115
2019-07-08T02:45+02:00;0.0131
2019-07-08T03:00+02:00;0.0159
2019-07-08T03:15+02:00;0.0100
2019-07-08T03:30+02:00;0.0111
2019-07-08T03:45+02:00;0.0101
2019-07-08T04:00+02:00;0.0125
2019-07-08T04:15+02:00;0.0198
2019-07-08T04:30+02:00;0.0221
2019-07-08T04:45+02:00;0.0282
2019-07-08T05:00+02:00;0.0359
2019-07-08T05:15+02:00;0.0569
2019-07-08T05:30+02:00;0.0542
2019-07-08T05:45+02:00;0.0656
2019-07-08T06:00+02:00;0.0615
2019-07-08T06:15+02:00;0.0663
2019-07-08T06:30+02:00;0.0547
2019-07-08T06:45+02:00;0.0559
2019-07-08T07:00+02:00;0.0312
2019-07-08T07:15+02:00;0.0312
2019-07-08T07:30+02:00;0.0177
2019-07-08T07:45+02:00;0.0131
2019-07-08T08:00+02:00;0.0110
2019-07-08T08:15+02:00;0.0122
2019-07-08T08:30+02:00;0.0219
2019-07-08T08:45+02:00;0.0282
2019-07-08T09:00+02:00;0.0400
2019-07-08T09:15+02:00;0.0531
2019-07-08T09:30+02:00;0.0636
2019-07-08T09:45+02:00;0.0553
2019-07-08T10:00+02:00;0.0471
2019-07-08T10:15+02:00;0.0476
2019-07-08T10:30+02:00;0.0423
2019-07-08T10:45+02:00;0.0348
2019-07-08T11:00+02:00;0.0457
2019-07-08T11:15+02:00;0.0386
2019-07-08T11:30+02:00;0.0425
2019-07-08T11:45+02:00;0.0298
2019-07-08T12:00+02:00;0.0303
2019-07-08T12:15+02:00;0.0213
2019-07-08T12:30+02:00;0.0112
2019-07-08T12:45+02:00;0.0074
2019-07-08T13:00+02:00;0.0040
2019-07-08T13:15+02:00;0.0054
2019-07-08T13:30+02:00;0.0155
2019-07-08T13:45+02:00;0.0296
2019-07-08T14:00+02:00;0.0433
2019-07-08T14:15+02:00;0.0868
2019-07-08T14:30+02:00;0.1032
2019-07-08T14:45+02:00;0.1203
2019-07-08T15:00+02:00;0.1159
2019-07-08T15:15+02:00;0.1030
2019-07-08T15:30+02:00;0.0986
2019-07-08T15:45+02:00;0.1042
2019-07-08T16:00+02:00;0.1060
2019-07-08T16:15+02:00;0.0673
2019-07-08T16:30+02:00;0.0692
2019-07-08T16:45+02:00;0.0954
2019-07-08T17:00+02:00;0.0938
2019-07-08T17:15+02:00;0.1166
2019-07-08T17:30+02:00;0.1073
2019-07-08T17:45+02:00;0.1332
2019-07-08T18:00+02:00;0.1404
2019-07-08T18:15+02:00;0.1120
2019-07-08T18:30+02:00;0.0990
2019-07-08T18:45+02:00;0.0788
2019-07-08T19:00+02:00;0.1052
2019-07-08T19:15+02:00;0.1093
2019-07-08T19:30+02:00;0.0876
2019-07-08T19:45+02:00;0.1040
2019-07-08T20:00+02:00;0.1283
2019-07-08T20:15+02:00;0.1383
2019-07-08T20:30+02:00;0.1038
2019-07-08T20:45+02:00;0.1247
2019-07-08T21:00+02:00;0.1211
2019-07-08T21:15+02:00;0.0984
2019-07-08T21:30+02:00;0.0930
2019-07-08T21:45+02:00;0.0607
2019-07-08T22:00+02:00;0.0627
2019-07-08T22:15+02:00;0.0599
2019-07-08T22:30+02:00;0.0419
2019-07-08T22:45+02:00;0.0357
2019-07-08T23:00+02:00;0.0315
2019-07-08T23:15+02:00;0.0308
2019-07-08T23:30+02:00;0.0207
2019-07-08T23:45+02:00;0.0212
2019-07-09T00:00+02:00;0.0177
2019-07-09T00:15+02:00;0.0188
2019-07-09T00:30+02:00;0.0208
2019-07-09T00:45+02:00;0.0202
2019-07-09T01:00+02:00;0.0170
2019-07-09T01:15+02:00;0.0192
2019-07-09T01:30+02:00;0.0194
2019-07-09T01:45+02:00;0.0200
2019-07-09T02:00+02:00;0.0200
2019-07-09T02:15+02:00;0.0187
2019-07-09T02:30+02:00;0.0220
2019-07-09T02:45+02:00;0.0228
2019-07-09T03:00+02:00;0.0180
2019-07-09T03:15+02:00;0.0213
2019-07-09T03:30+02:00;0.0160
2019-07-09T03:45+02:00;0.0144
2019-07-09T04:00+02:00;0.0188
2019-07-09T04:15+02:00;0.0212
2019-07-09T04:30+02:00;0.0375
2019-07-09T04:45+02:00;0.0431
2019-07-09T05:00+02:00;0.0627
2019-07-09T05:15+02:00;0.0636
2019-07-09T05:30+02:00;0.0751
2019-07-09T05:45+02:00;0.1082
2019-07-09T06:00+02:00;0.0785
2019-07-09T06:15+02:00;0.0851
2019-07-09T06:30+02:00;0.0704
2019-07-09T06:45+02:00;0.0844
2019-07-09T07:00+02:00;0.0619
2019-07-09T07:15+02:00;0.0451
2019-07-09T07:30+02:00;0.0275
2019-07-09T07:45+02:00;0.0134
2019-07-09T08:00+02:00;0.0135
2019-07-09T08:15+02:00;0.0219
2019-07-09T08:30+02:00;0.0350
2019-07-09T08:45+02:00;0.0421
2019-07-09T09:00+02:00;0.0618
2019-07-09T09:15+02:00;0.0737
2019-07-09T09:30+02:00;0.0879
2019-07-09T09:45+02:00;0.0824
2019-07-09T10:00+02:00;0.0703
2019-07-09T10:15+02:00;0.0614
2019-07-09T10:30+02:00;0.0550
2019-07-09T10:45+02:00;0.0644
2019-07-09T11:00+02:00;0.0674
2019-07-09T11:15+02:00;0.0645
2019-07-09T11:30+02:00;0.0576
2019-07-09T11:45+02:00;0.0533
2019-07-09T12:00+02:00;0.0396
2019-07-09T12:15+02:00;0.0309
2019-07-09T12:30+02:00;0.0226
2019-07-09T12:45+02:00;0.0092
2019-07-09T13:00+02:00;0.0059
2019-07-09T13:15+02:00;0.0067
2019-07-09T13:30+02:00;0.0175
2019-07-09T13:45+02:00;0.0354
2019-07-09T14:00+02:00;0.0711
2019-07-09T14:15+02:00;0.1176
2019-07-09T14:30+02:00;0.1554
2019-07-09T14:45+02:00;0.1510
2019-07-09T15:00+02:00;0.1688
2019-07-09T15:15+02:00;0.1652
2019-07-09T15:30+02:00;0.1794
2019-07-09T15:45+02:00;0.1330
2019-07-09T16:00+02:00;0.1205
2019-07-09T16:15+02:00;0.0993
2019-07-09T16:30+02:00;0.0958
2019-07-09T16:45+02:00;0.1034
2019-07-09T17:00+02:00;0.1695
2019-07-09T17:15+02:00;0.1326
2019-07-09T17:30+02:00;0.1928
2019-07-09T17:45+02:00;0.2029
2019-07-09T18:00+02:00;0.1361
2019-07-09T18:15+02:00;0.1653
2019-07-09T18:30+02:00;0.1248
2019-07-09T18:45+02:00;0.1431
2019-07-09T19:00+02:00;0.1102
2019-07-09T19:15+02:00;0.1152
2019-07-09T19:30+02:00;0.1491
2019-07-09T19:45+02:00;0.1439
2019-07-09T20:00+02:00;0.1358
2019-07-09T20:15+02:00;0.1815
2019-07-09T20:30+02:00;0.2031
2019-07-09T20:45+02:00;0.1598
2019-07-09T21:00+02:00;0.1802
2019-07-09T21:15+02:00;0.1334
2019-07-09T21:30+02:00;0.1063
2019-07-09T21:45+02:00;0.0905
2019-07-09T22:00+02:00;0.0872
2019-07-09T22:15+02:00;0.0668
2019-07-09T22:30+02:00;0.0647
2019-07-09T22:45+02:00;0.0552
2019-07-09T23:00+02:00;0.0422
2019-07-09T23:15+02:00;0.0352
2019-07-09T23:30+02:00;0.0291
2019-07-09T23:45+02:00;0.0228
2019-07-10T00:00+02:00;0.0271
2019-07-10T00:15+02:00;0.0275
2019-07-10T00:30+02:00;0.0305
2019-07-10T00:45+02:00;0.0285
2019-07-10T01:00+02:00;0.0295
2019-07-10T01:15+02:00;0.0264
2019-07-10T01:30+02:00;0.0317
2019-07-10T01:45+02:00;0.0275
2019-07-10T02:00+02:00;0.0307
2019-07-10T02:15+02:00;0.0270
2019-07-10T02:30+02:00;0.0323
2019-07-10T02:45+02:00;0.0322
2019-07-10T03:00+02:00;0.0330
2019-07-10T03:15+02:00;0.0308
2019-07-10T03:30+02:00;0.0196
2019-07-10T03:45+02:00;0.0269
2019-07-10T04:00+02:00;0.0242
2019-07-10T04:15+02:00;0.0360
2019-07-10T04:30+02:00;0.0528
2019-07-10T04:45+02:00;0.0693
2019-07-10T05:00+02:00;0.0786
2019-07-10T05:15+02:00;0.0950
2019-07-10T05:30+02:00;0.1056
2019-07-10T05:45+02:00;0.1416
2019-07-10T06:00+02:00;0.1169
2019-07-10T06:15+02:00;0.1472
2019-07-10T06:30+02:00;0.1329
2019-07-10T06:45+02:00;0.1209
2019-07-10T07:00+02:00;0.0962
2019-07-10T07:15+02:00;0.0471
2019-07-10T07:30+02:00;0.0379
2019-07-10T07:45+02:00;0.0274
2019-07-10T08:00+02:00;0.0181
2019-07-10T08:15+02:00;0.0276
2019-07-10T08:30+02:00;0.0440
2019-07-10T08:45+02:00;0.0861
2019-07-10T09:00+02:00;0.0869
2019-07-10T09:15+02:00;0.1193
2019-07-10T09:30+02:00;0.0991
2019-07-10T09:45+02:00;0.0952
2019-07-10T10:00+02:00;0.0799
2019-07-10T10:15+02:00;0.0993
2019-07-10T10:30+02:00;0.0718
2019-07-10T10:45+02:00;0.0821
2019-07-10T11:00+02:00;0.0929
2019-07-10T11:15+02:00;0.0963
2019-07-10T11:30+02:00;0.0824
2019-07-10T11:45+02:00;0.0838
2019-07-10T12:00+02:00;0.0514
2019-07-10T12:15+02:00;0.0394
2019-07-10T12:30+02:00;0.0282
2019-07-10T12:45+02:00;0.0126
2019-07-10T13:00+02:00;0.0066
2019-07-10T13:15+02:00;0.0097
2019-07-10T13:30+02:00;0.0260
2019-07-10T13:45+02:00;0.0565
2019-07-10T14:00+02:00;0.0923
2019-07-10T14:15+02:00;0.1445
2019-07-10T14:30+02:00;0.1635
2019-07-10T14:45+02:00;0.2299
2019-07-10T15:00+02:00;0.2613
2019-07-10T15:15+02:00;0.2432
2019-07-10T15:30+02:00;0.2273
2019-07-10T15:45+02:00;0.2035
2019-07-10T16:00+02:00;0.1620
2019-07-10T16:15+02:00;0.1859
2019-07-10T16:30+02:00;0.1489
2019-07-10T16:45+02:00;0.2078
2019-07-10T17:00+02:00;0.2180
2019-07-10T17:15+02:00;0.2519
2019-07-10T17:30+02:00;0.2785
2019-07-10T17:45+02:00;0.2140
2019-07-10T18:00+02:00;0.2546
2019-07-10T18:15+02:00;0.2369
2019-07-10T18:30+02:00;0.1917
2019-07-10T18:45+02:00;0.1714
2019-07-10T19:00+02:00;0.1963
2019-07-10T19:15+02:00;0.1927
2019-07-10T19:30+02:00;0.1777
2019-07-10T19:45+02:00;0.1850
2019-07-10T20:00+02:00;0.2567
2019-07-10T20:15+02:00;0.2201
2019-07-10T20:30+02:00;0.2095
2019-07-10T20:45+02:00;0.2327
2019-07-10T21:00+02:00;0.2342
2019-07-10T21:15+02:00;0.1733
2019-07-10T21:30+02:00;0.1820
2019-07-10T21:45+02:00;0.1158
2019-07-10T22:00+02:00;0.1124
2019-07-10T22:15+02:00;0.1086
2019-07-10T22:30+02:00;0.0757
2019-07-10T22:45+02:00;0.0884
2019-07-10T23:00+02:00;0.0604
2019-07-10T23:15+02:00;0.0546
2019-07-10T23:30+02:00;0.0583
2019-07-10T23:45+02:00;0.0365
2019-07-11T00:00+02:00;0.0255
2019-07-11T00:15+02:00;0.0249
2019-07-11T00:30+02:00;0.0215
2019-07-11T00:45+02:00;0.0282
2019-07-11T01:00+02:00;0.0277
2019-07-11T01:15+02:00;0.0249
2019-07-11T01:30+02:00;0.0200
2019-07-11T01:45+02:00;0.0280
2019-07-11T02:00+02:00;0.0299
2019-07-11T02:15+02:00;0.0233
2019-07-11T02:30+02:00;0.0248
2019-07-11T02:45+02:00;0.0256
2019-07-11T03:00+02:00;0.0283
2019-07-11T03:15+02:00;0.0233
2019-07-11T03:30+02:00;0.0186
2019-07-11T03:45+02:00;0.0218
2019-07-11T04:00+02:00;0.0219
2019-07-11T04:15+02:00;0.0355
2019-07-11T04:30+02:00;0.0505
2019-07-11T04:45+02:00;0.0691
2019-07-11T05:00+02:00;0.0837
2019-07-11T05:15+02:00;0.1094
2019-07-11T05:30+02:00;0.1057
2019-07-11T05:45+02:00;0.1243
2019-07-11T06:00+02:00;0.1293
2019-07-11T06:15+02:00;0.1116
2019-07-11T06:30+02:00;0.1170
2019-07-11T06:45+02:00;0.0820
2019-07-11T07:00+02:00;0.0589
2019-07-11T07:15+02:00;0.0561
2019-07-11T07:30+02:00;0.0326
2019-07-11T07:45+02:00;0.0228
2019-07-11T08:00+02:00;0.0213
2019-07-11T08:15+02:00;0.0284
2019-07-11T08:30+02:00;0.0421
2019-07-11T08:45+02:00;0.0610
2019-07-11T09:00+02:00;0.0781
2019-07-11T09:15+02:00;0.1000
2019-07-11T09:30+02:00;0.1187
2019-07-11T09:45+02:00;0.1049
2019-07-11T10:00+02:00;0.0913
2019-07-11T10:15+02:00;0.0864
2019-07-11T10:30+02:00;0.0624
2019-07-11T10:45+02:00;0.0646
2019-07-11T11:00+02:00;0.0671
2019-07-11T11:15+02:00;0.0867
2019-07-11T11:30+02:00;0.0759
2019-07-11T11:45+02:00;0.0532
2019-07-11T12:00+02:00;0.0564
2019-07-11T12:15+02:00;0.0414
2019-07-11T12:30+02:00;0.0256
2019-07-11T12:45+02:00;0.0135
2019-07-11T13:00+02:00;0.0075
2019-07-11T13:15+02:00;0.0081
2019-07-11T13:30+02:00;0.0228
2019-07-11T13:45+02:00;0.0464
2019-07-11T14:00+02:00;0.1122
2019-07-11T14:15+02:00;0.1207
2019-07-11T14:30+02:00;0.1500
2019-07-11T14:45+02:00;0.2004
2019-07-11T15:00+02:00;0.1840
2019-07-11T15:15+02:00;0.1948
2019-07-11T15:30+02:00;0.1755
2019-07-11T15:45+02:00;0.1610
2019-07-11T16:00+02:00;0.1661
2019-07-11T16:15+02:00;0.1448
2019-07-11T16:30+02:00;0.1600
2019-07-11T16:45+02:00;0.1415
2019-07-11T17:00+02:00;0.1667
2019-07-11T17:15+02:00;0.1944
2019-07-11T17:30+02:00;0.2228
2019-07-11T17:45+02:00;0.2146
2019-07-11T18:00+02:00;0.1999
2019-07-11T18:15+02:00;0.2058
2019-07-11T18:30+02:00;0.1919
2019-07-11T18:45+02:00;0.1498
2019-07-11T19:00+02:00;0.1579
2019-07-11T19:15+02:00;0.1792
2019-07-11T19:30+02:00;0.1542
2019-07-11T19:45+02:00;0.2120
2019-07-11T20:00+02:00;0.2257
2019-07-11T20:15+02:00;0.1948
2019-07-11T20:30+02:00;0.1916
2019-07-11T20:45+02:00;0.2562
2019-07-11T21:00+02:00;0.1770
2019-07-11T21:15+02:00;0.1781
2019-07-11T21:30+02:00;0.1793
2019-07-11T21:45+02:00;0.1248
2019-07-11T22:00+02:00;0.1085
2019-07-11T22:15+02:00;0.0896
2019-07-11T22:30+02:00;0.0695
2019-07-11T22:45+02:00;0.0884
2019-07-11T23:00+02:00;0.0577
2019-07-11T23:15+02:00;0.0523
2019-07-11T23:30+02:00;0.0527
2019-07-11T23:45+02:00;0.0314
2019-07-12T00:00+02:00;0.0188
2019-07-12T00:15+02:00;0.0181
2019-07-12T00:30+02:00;0.0189
2019-07-12T00:45+02:00;0.0180
2019-07-12T01:00+02:00;0.0141
2019-07-12T01:15+02:00;0.0167
2019-07-12T01:30+02:00;0.0138
2019-07-12T01:45+02:00;0.0190
2019-07-12T02:00+02:00;0.0159
2019-07-12T02:15+02:00;0.0145
2019-07-12T02:30+02:00;0.0188
2019-07-12T02:45+02:00;0.0184
2019-07-12T03:00+02:00;0.0172
2019-07-12T03:15+02:00;0.0137
2019-07-12T03:30+02:00;0.0115
2019-07-12T03:45+02:00;0.0126
2019-07-12T04:00+02:00;0.0147
2019-07-12T04:15+02:00;0.0238
2019-07-12T04:30+02:00;0.0232
2019-07-12T04:45+02:00;0.0454
2019-07-12T05:00+02:00;0.0538
2019-07-12T05:15+02:00;0.0627
2019-07-12T05:30+02:00;0.0728
2019-07-12T05:45+02:00;0.0790
2019-07-12T06:00+02:00;0.0781
2019-07-12T06:15+02:00;0.0827
2019-07-12T06:30+02:00;0.0816
2019-07-12T06:45+02:00;0.0667
2019-07-12T07:00+02:00;0.0527
2019-07-12T07:15+02:00;0.0279
2019-07-12T07:30+02:00;0.0238
2019-07-12T07:45+02:00;0.0165
2019-07-12T08:00+02:00;0.0119
2019-07-12T08:15+02:00;0.0147
2019-07-12T08:30+02:00;0.0288
2019-07-12T08:45+02:00;0.0376
2019-07-12T09:00+02:00;0.0558
2019-07-12T09:15+02:00;0.0755
2019-07-12T09:30+02:00;0.0706
2019-07-12T09:45+02:00;0.0661
2019-07-12T10:00+02:00;0.0641
2019-07-12T10:15+02:00;0.0563
2019-07-12T10:30+02:00;0.0493
2019-07-12T10:45+02:00;0.0551
2019-07-12T11:00+02:00;0.0529
2019-07-12T11:15+02:00;0.0545
2019-07-12T11:30+02:00;0.0476
2019-07-12T11:45+02:00;0.0407
2019-07-12T12:00+02:00;0.0368
2019-07-12T12:15+02:00;0.0201
2019-07-12T12:30+02:00;0.0138
2019-07-12T12:45+02:00;0.0088
2019-07-12T13:00+02:00;0.0039
2019-07-12T13:15+02:00;0.0059
2019-07-12T13:30+02:00;0.0163
2019-07-12T13:45+02:00;0.0386
2019-07-12T14:00+02:00;0.0635
2019-07-12T14:15+02:00;0.0751
2019-07-12T14:30+02:00;0.1346
2019-07-12T14:45+02:00;0.1397
2019-07-12T15:00+02:00;0.1359
2019-07-12T15:15+02:00;0.1184
2019-07-12T15:30+02:00;0.1248
2019-07-12T15:45+02:00;0.1094
2019-07-12T16:00+02:00;0.0888
2019-07-12T16:15+02:00;0.0846
2019-07-12T16:30+02:00;0.1165
2019-07-12T16:45+02:00;0.1036
2019-07-12T17:00+02:00;0.1140
2019-07-12T17:15+02:00;0.1268
2019-07-12T17:30+02:00;0.1419
2019-07-12T17:45+02:00;0.1484
2019-07-12T18:00+02:00;0.1177
2019-07-12T18:15+02:00;0.1092
2019-07-12T18:30+02:00;0.1365
2019-07-12T18:45+02:00;0.0983
2019-07-12T19:00+02:00;0.1143
2019-07-12T19:15+02:00;0.1160
2019-07-12T19:30+02:00;0.1155
2019-07-12T19:45+02:00;0.1219
2019-07-12T20:00+02:00;0.1267
2019-07-12T20:15+02:00;0.1735
2019-07-12T20:30+02:00;0.1404
2019-07-12T20:45+02:00;0.1702
2019-07-12T21:00+02:00;0.1466
2019-07-12T21:15+02:00;0.1162
2019-07-12T21:30+02:00;0.1164
2019-07-12T21:45+02:00;0.0755
2019-07-12T22:00+02:00;0.0574
2019-07-12T22:15+02:00;0.0616
2019-07-12T22:30+02:00;0.0525
2019-07-12T22:45+02:00;0.0483
2019-07-12T23:00+02:00;0.0515
2019-07-12T23:15+02:00;0.0361
2019-07-12T23:30+02:00;0.0247
2019-07-12T23:45+02:00;0.0255
2019-07-13T00:00+02:00;0.0229
2019-07-13T00:15+02:00;0.0200
2019-07-13T00:30+02:00;0.0231
2019-07-13T00:45+02:00;0.0249
2019-07-13T01:00+02:00;0.0204
2019-07-13T01:15+02:00;0.0210
2019-07-13T01:30+02:00;0.0276
2019-07-13T01:45+02:00;0.0242
2019-07-13T02:00+02:00;0.0275
2019-07-13T02:15+02:00;0.0209
2019-07-13T02:30+02:00;0.0255
2019-07-13T02:45+02:00;0.0196
2019-07-13T03:00+02:00;0.0279
2019-07-13T03:15+02:00;0.0238
2019-07-13T03:30+02:00;0.0169
2019-07-13T03:45+02:00;0.0165
2019-07-13T04:00+02:00;0.0222
2019-07-13T04:15+02:00;0.0347
2019-07-13T04:30+02:00;0.0333
2019-07-13T04:45+02:00;0.0444
2019-07-13T05:00+02:00;0.0628
2019-07-13T05:15+02:00;0.0891
2019-07-13T05:30+02:00;0.1096
2019-07-13T05:45+02:00;0.1164
2019-07-13T06:00+02:00;0.1079
2019-07-13T06:15+02:00;0.1089
2019-07-13T06:30+02:00;0.1044
2019-07-13T06:45+02:00;0.0744
2019-07-13T07:00+02:00;0.0666
2019-07-13T07:15+02:00;0.0521
2019-07-13T07:30+02:00;0.0257
2019-07-13T07:45+02:00;0.0204
2019-07-13T08:00+02:00;0.0165
2019-07-13T08:15+02:00;0.0226
2019-07-13T08:30+02:00;0.0391
2019-07-13T08:45+02:00;0.0529
2019-07-13T09:00+02:00;0.0844
2019-07-13T09:15+02:00;0.0944
2019-07-13T09:30+02:00;0.1129
2019-07-13T09:45+02:00;0.0732
2019-07-13T10:00+02:00;0.0686
2019-07-13T10:15+02:00;0.0580
2019-07-13T10:30+02:00;0.0733
2019-07-13T10:45+02:00;0.0552
2019-07-13T11:00+02:00;0.0578
2019-07-13T11:15+02:00;0.0827
2019-07-13T11:30+02:00;0.0771
2019-07-13T11:45+02:00;0.0585
2019-07-13T12:00+02:00;0.0506
2019-07-13T12:15+02:00;0.0380
2019-07-13T12:30+02:00;0.0205
2019-07-13T12:45+02:00;0.0118
2019-07-13T13:00+02:00;0.0060
2019-07-13T13:15+02:00;0.0102
2019-07-13T13:30+02:00;0.0227
2019-07-13T13:45+02:00;0.0561
2019-07-13T14:00+02:00;0.0733
2019-07-13T14:15+02:00;0.1410
2019-07-13T14:30+02:00;0.1762
2019-07-13T14:45+02:00;0.2086
2019-07-13T15:00+02:00;0.2212
2019-07-13T15:15+02:00;0.1699
2019-07-13T15:30+02:00;0.1792
2019-07-13T15:45+02:00;0.1763
2019-07-13T16:00+02:00;0.1633
2019-07-13T16:15+02:00;0.1595
2019-07-13T16:30+02:00;0.1397
2019-07-13T16:45+02:00;0.1633
2019-07-13T17:00+02:00;0.1999
2019-07-13T17:15+02:00;0.1927
2019-07-13T17:30+02:00;0.2201
2019-07-13T17:45+02:00;0.2060
2019-07-13T18:00+02:00;0.1943
2019-07-13T18:15+02:00;0.2078
2019-07-13T18:30+02:00;0.1601
2019-07-13T18:45+02:00;0.1942
2019-07-13T19:00+02:00;0.1442
2019-07-13T19:15+02:00;0.1349
2019-07-13T19:30+02:00;0.1887
2019-07-13T19:45+02:00;0.2102
2019-07-13T20:00+02:00;0.1903
2019-07-13T20:15+02:00;0.2130
2019-07-13T20:30+02:00;0.1885
2019-07-13T20:45+02:00;0.2125
2019-07-13T21:00+02:00;0.1806
2019-07-13T21:15+02:00;0.1556
2019-07-13T21:30+02:00;0.1352
2019-07-13T21:45+02:00;0.0965
2019-07-13T22:00+02:00;0.0919
2019-07-13T22:15+02:00;0.0781
2019-07-13T22:30+02:00;0.0641
2019-07-13T22:45+02:00;0.0768
2019-07-13T23:00+02:00;0.0591
2019-07-13T23:15+02:00;0.0621
2019-07-13T23:30+02:00;0.0426
2019-07-13T23:45+02:00;0.0390
2019-07-14T00:00+02:00;0.0179
2019-07-14T00:15+02:00;0.0173
2019-07-14T00:30+02:00;0.0140
2019-07-14T00:45+02:00;0.0182
2019-07-14T01:00+02:00;0.0149
2019-07-14T01:15+02:00;0.0148
2019-07-14T01:30+02:00;0.0156
2019-07-14T01:45+02:00;0.0152
2019-07-14T02:00+02:00;0.0180
2019-07-14T02:15+02:00;0.0152
2019-07-14T02:30+02:00;0.0143
2019-07-14T02:45+02:00;0.0191
2019-07-14T03:00+02:00;0.0150
2019-07-14T03:15+02:00;0.0146
2019-07-14T03:30+02:00;0.0150
2019-07-14T03:45+02:00;0.0139
2019-07-14T04:00+02:00;0.0140
2019-07-14T04:15+02:00;0.0178
2019-07-14T04:30+02:00;0.0231
2019-07-14T04:45+02:00;0.0378
2019-07-14T05:00+02:00;0.0486
2019-07-14T05:15+02:00;0.0610
2019-07-14T05:30+02:00;0.0692
2019-07-14T05:45+02:00;0.0615
2019-07-14T06:00+02:00;0.0910
2019-07-14T06:15+02:00;0.0789
2019-07-14T06:30+02:00;0.0647
2019-07-14T06:45+02:00;0.0582
2019-07-14T07:00+02:00;0.0364
2019-07-14T07:15+02:00;0.0272
2019-07-14T07:30+02:00;0.0235
2019-07-14T07:45+02:00;0.0134
2019-07-14T08:00+02:00;0.0126
2019-07-14T08:15+02:00;0.0160
2019-07-14T08:30+02:00;0.0297
2019-07-14T08:45+02:00;0.0428
2019-07-14T09:00+02:00;0.0472
2019-07-14T09:15+02:00;0.0714
2019-07-14T09:30+02:00;0.0571
2019-07-14T09:45+02:00;0.0678
2019-07-14T10:00+02:00;0.0589
2019-07-14T10:15+02:00;0.0371
2019-07-14T10:30+02:00;0.0367
2019-07-14T10:45+02:00;0.0391
2019-07-14T11:00+02:00;0.0417
2019-07-14T11:15+02:00;0.0384
2019-07-14T11:30+02:00;0.0348
2019-07-14T11:45+02:00;0.0367
2019-07-14T12:00+02:00;0.0292
2019-07-14T12:15+02:00;0.0206
2019-07-14T12:30+02:00;0.0178
2019-07-14T12:45+02:00;0.0066
2019-07-14T13:00+02:00;0.0035
2019-07-14T13:15+02:00;0.0049
2019-07-14T13:30+02:00;0.0154
2019-07-14T13:45+02:00;0.0333
2019-07-14T14:00+02:00;0.0531
2019-07-14T14:15+02:00;0.0826
2019-07-14T14:30+02:00;0.1286
2019-07-14T14:45+02:00;0.1008
2019-07-14T15:00+02:00;0.1452
2019-07-14T15:15+02:00;0.1524
2019-07-14T15:30+02:00;0.1079
2019-07-14T15:45+02:00;0.1353
2019-07-14T16:00+02:00;0.0949
2019-07-14T16:15+02:00;0.0763
2019-07-14T16:30+02:00;0.0990
2019-07-14T16:45+02:00;0.1106
2019-07-14T17:00+02:00;0.1035
2019-07-14T17:15+02:00;0.1367
2019-07-14T17:30+02:00;0.1272
2019-07-14T17:45+02:00;0.1164
2019-07-14T18:00+02:00;0.1101
2019-07-14T18:15+02:00;0.1132
2019-07-14T18:30+02:00;0.1252
2019-07-14T18:45+02:00;0.1157
2019-07-14T19:00+02:00;0.1270
2019-07-14T19:15+02:00;0.0987
2019-07-14T19:30+02:00;0.1372
2019-07-14T19:45+02:00;0.1374
2019-07-14T20:00+02:00;0.1456
2019-07-14T20:15+02:00;0.1226
2019-07-14T20:30+02:00;0.1173
2019-07-14T20:45+02:00;0.1280
2019-07-14T21:00+02:00;0.1463
2019-07-14T21:15+02:00;0.0938
2019-07-14T21:30+02:00;0.1113
2019-07-14T21:45+02:00;0.0721
2019-07-14T22:00+02:00;0.0697
2019-07-14T22:15+02:00;0.0649
2019-07-14T22:30+02:00;0.0544
2019-07-14T22:45+02:00;0.0448
2019-07-14T23:00+02:00;0.0440
2019-07-14T23:15+02:00;0.0402
2019-07-14T23:30+02:00;0.0256
2019-07-14T23:45+02:00;0.0245
2019-07-15T00:00+02:00;0.0137
2019-07-15T00:15+02:00;0.0109
2019-07-15T00:30+02:00;0.0140
2019-07-15T00:45+02:00;0.0105
2019-07-15T01:00+02:00;0.0102
2019-07-15T01:15+02:00;0.0141
2019-07-15T01:30+02:00;0.0114
2019-07-15T01:45+02:00;0.0114
2019-07-15T02:00+02:00;0.0139
2019-07-15T02:15+02:00;0.0144
2019-07-15T02:30+02:00;0.0152
2019-07-15T02:45+02:00;0.0110
2019-07-15T03:00+02:00;0.0125
2019-07-15T03:15+02:00;0.0134
2019-07-15T03:30+02:00;0.0116
2019-07-15T03:45+02:00;0.0100
2019-07-15T04:00+02:00;0.0108
2019-07-15T04:15+02:00;0.0167
2019-07-15T04:30+02:00;0.0243
2019-07-15T04:45+02:00;0.0275
2019-07-15T05:00+02:00;0.0396
2019-07-15T05:15+02:00;0.0451
2019-07-15T05:30+02:00;0.0505
2019-07-15T05:45+02:00;0.0550
2019-07-15T06:00+02:00;0.0744
2019-07-15T06:15+02:00;0.0529
2019-07-15T06:30+02:00;0.0444
2019-07-15T06:45+02:00;0.0431
2019-07-15T07:00+02:00;0.0329
2019-07-15T07:15+02:00;0.0282
2019-07-15T07:30+02:00;0.0142
2019-07-15T07:45+02:00;0.0089
2019-07-15T08:00+02:00;0.0088
2019-07-15T08:15+02:00;0.0101
2019-07-15T08:30+02:00;0.0231
2019-07-15T08:45+02:00;0.0317
2019-07-15T09:00+02:00;0.0347
2019-07-15T09:15+02:00;0.0530
2019-07-15T09:30+02:00;0.0487
2019-07-15T09:45+02:00;0.0505
2019-07-15T10:00+02:00;0.0456
2019-07-15T10:15+02:00;0.0373
2019-07-15T10:30+02:00;0.0420
2019-07-15T10:45+02:00;0.0358
2019-07-15T11:00+02:00;0.0332
2019-07-15T11:15+02:00;0.0304
2019-07-15T11:30+02:00;0.0308
2019-07-15T11:45+02:00;0.0338
2019-07-15T12:00+02:00;0.0263
2019-07-15T12:15+02:00;0.0169
2019-07-15T12:30+02:00;0.0125
2019-07-15T12:45+02:00;0.0057
2019-07-15T13:00+02:00;0.0032
2019-07-15T13:15+02:00;0.0044
2019-07-15T13:30+02:00;0.0144
2019-07-15T13:45+02:00;0.0317
2019-07-15T14:00+02:00;0.0496
2019-07-15T14:15+02:00;0.0606
2019-07-15T14:30+02:00;0.0688
2019-07-15T14:45+02:00;0.0899
2019-07-15T15:00+02:00;0.1065
2019-07-15T15:15+02:00;0.0987
2019-07-15T15:30+02:00;0.1048
2019-07-15T15:45+02:00;0.0749
2019-07-15T16:00+02:00;0.0914
2019-07-15T16:15+02:00;0.0626
2019-07-15T16:30+02:00;0.0783
2019-07-15T16:45+02:00;0.0751
2019-07-15T17:00+02:00;0.0839
2019-07-15T17:15+02:00;0.0916
2019-07-15T17:30+02:00;0.0996
2019-07-15T17:45+02:00;0.0964
2019-07-15T18:00+02:00;0.0899
2019-07-15T18:15+02:00;0.1108
2019-07-15T18:30+02:00;0.0819
2019-07-15T18:45+02:00;0.0988
2019-07-15T19:00+02:00;0.0975
2019-07-15T19:15+02:00;0.0700
2019-07-15T19:30+02:00;0.0961
2019-07-15T19:45+02:00;0.1128
2019-07-15T20:00+02:00;0.1128
2019-07-15T20:15+02:00;0.1143
2019-07-15T20:30+02:00;0.1228
2019-07-15T20:45+02:00;0.1090
2019-07-15T21:00+02:00;0.1028
2019-07-15T21:15+02:00;0.0861
2019-07-15T21:30+02:00;0.0770
2019-07-15T21:45+02:00;0.0495
2019-07-15T22:00+02:00;0.0610
2019-07-15T22:15+02:00;0.0406
2019-07-15T22:30+02:00;0.0476
2019-07-15T22:45+02:00;0.0426
2019-07-15T23:00+02:00;0.0371
2019-07-15T23:15+02:00;0.0292
2019-07-15T23:30+02:00;0.0185
2019-07-15T23:45+02:00;0.0204
2019-07-16T00:00+02:00;0.0206
2019-07-16T00:15+02:00;0.0190
2019-07-16T00:30+02:00;0.0198
2019-07-16T00:45+02:00;0.0179
2019-07-16T01:00+02:00;0.0162
2019-07-16T01:15+02:00;0.0228
2019-07-16T01:30+02:00;0.0183
2019-07-16T01:45+02:00;0.0182
2019-07-16T02:00+02:00;0.0173
2019-07-16T02:15+02:00;0.0180
2019-07-16T02:30+02:00;0.0233
2019-07-16T02:45+02:00;0.0196
2019-07-16T03:00+02:00;0.0156
2019-07-16T03:15+02:00;0.0178
2019-07-16T03:30+02:00;0.0162
2019-07-16T03:45+02:00;0.0189
2019-07-16T04:00+02:00;0.0187
2019-07-16T04:15+02:00;0.0259
2019-07-16T04:30+02:00;0.0347
2019-07-16T04:45+02:00;0.0394
2019-07-16T05:00+02:00;0.0550
2019-07-16T05:15+02:00;0.0771
2019-07-16T05:30+02:00;0.0921
2019-07-16T05:45+02:00;0.1047
2019-07-16T06:00+02:00;0.0833
2019-07-16T06:15+02:00;0.0940
2019-07-16T06:30+02:00;0.0844
2019-07-16T06:45+02:00;0.0704
2019-07-16T07:00+02:00;0.0603
2019-07-16T07:15+02:00;0.0334
2019-07-16T07:30+02:00;0.0255
2019-07-16T07:45+02:00;0.0170
2019-07-16T08:00+02:00;0.0162
2019-07-16T08:15+02:00;0.0195
2019-07-16T08:30+02:00;0.0288
2019-07-16T08:45+02:00;0.0574
2019-07-16T09:00+02:00;0.0617
2019-07-16T09:15+02:00;0.0697
2019-07-16T09:30+02:00;0.0930
2019-07-16T09:45+02:00;0.0591
2019-07-16T10:00+02:00;0.0578
2019-07-16T10:15+02:00;0.0668
2019-07-16T10:30+02:00;0.0542
2019-07-16T10:45+02:00;0.0646
2019-07-16T11:00+02:00;0.0527
2019-07-16T11:15+02:00;0.0552
2019-07-16T11:30+02:00;0.0636
2019-07-16T11:45+02:00;0.0428
2019-07-16T12:00+02:00;0.0465
2019-07-16T12:15+02:00;0.0315
2019-07-16T12:30+02:00;0.0227
2019-07-16T12:45+02:00;0.0083
2019-07-16T13:00+02:00;0.0051
2019-07-16T13:15+02:00;0.0081
2019-07-16T13:30+02:00;0.0225
2019-07-16T13:45+02:00;0.0450
2019-07-16T14:00+02:00;0.0700
2019-07-16T14:15+02:00;0.0917
2019-07-16T14:30+02:00;0.1398
2019-07-16T14:45+02:00;0.1310
2019-07-16T15:00+02:00;0.1846
2019-07-16T15:15+02:00;0.1909
2019-07-16T15:30+02:00;0.1387
2019-07-16T15:45+02:00;0.1262
2019-07-16T16:00+02:00;0.1311
2019-07-16T16:15+02:00;0.1286
2019-07-16T16:30+02:00;0.1303
2019-07-16T16:45+02:00;0.1301
2019-07-16T17:00+02:00;0.1314
2019-07-16T17:15+02:00;0.1845
2019-07-16T17:30+02:00;0.2056
2019-07-16T17:45+02:00;0.1662
2019-07-16T18:00+02:00;0.1578
2019-07-16T18:15+02:00;0.1687
2019-07-16T18:30+02:00;0.1367
2019-07-16T18:45+02:00;0.1554
2019-07-16T19:00+02:00;0.1495
2019-07-16T19:15+02:00;0.1115
2019-07-16T19:30+02:00;0.1685
2019-07-16T19:45+02:00;0.1602
2019-07-16T20:00+02:00;0.1779
2019-07-16T20:15+02:00;0.1528
2019-07-16T20:30+02:00;0.1427
2019-07-16T20:45+02:00;0.1461
2019-07-16T21:00+02:00;0.1511
2019-07-16T21:15+02:00;0.1374
2019-07-16T21:30+02:00;0.1085
2019-07-16T21:45+02:00;0.1004
2019-07-16T22:00+02:00;0.0704
2019-07-16T22:15+02:00;0.0763
2019-07-16T22:30+02:00;0.0608
2019-07-16T22:45+02:00;0.0610
2019-07-16T23:00+02:00;0.0456
2019-07-16T23:15+02:00;0.0473
2019-07-16T23:30+02:00;0.0321
2019-07-16T23:45+02:00;0.0305
2019-07-17T00:00+02:00;0.0225
2019-07-17T00:15+02:00;0.0216
2019-07-17T00:30+02:00;0.0188
2019-07-17T00:45+02:00;0.0186
2019-07-17T01:00+02:00;0.0213
2019-07-17T01:15+02:00;0.0194
2019-07-17T01:30+02:00;0.0191
2019-07-17T01:45+02:00;0.0224
2019-07-17T02:00+02:00;0.0240
2019-07-17T02:15+02:00;0.0240
2019-07-17T02:30+02:00;0.0256
2019-07-17T02:45+02:00;0.0245
2019-07-17T03:00+02:00;0.0189
2019-07-17T03:15+02:00;0.0211
2019-07-17T03:30+02:00;0.0176
2019-07-17T03:45+02:00;0.0154
2019-07-17T04:00+02:00;0.0240
2019-07-17T04:15+02:00;0.0290
2019-07-17T04:30+02:00;0.0446
2019-07-17T04:45+02:00;0.0457
2019-07-17T05:00+02:00;0.0535
2019-07-17T05:15+02:00;0.0640
2019-07-17T05:30+02:00;0.0808
2019-07-17T05:45+02:00;0.0866
2019-07-17T06:00+02:00;0.1164
2019-07-17T06:15+02:00;0.0921
2019-07-17T06:30+02:00;0.0848
2019-07-17T06:45+02:00;0.0930
2019-07-17T07:00+02:00;0.0493
2019-07-17T07:15+02:00;0.0452
2019-07-17T07:30+02:00;0.0321
2019-07-17T07:45+02:00;0.0170
2019-07-17T08:00+02:00;0.0143
2019-07-17T08:15+02:00;0.0241
2019-07-17T08:30+02:00;0.0311
2019-07-17T08:45+02:00;0.0605
2019-07-17T09:00+02:00;0.0805
2019-07-17T09:15+02:00;0.0802
2019-07-17T09:30+02:00;0.0776
2019-07-17T09:45+02:00;0.0643
2019-07-17T10:00+02:00;0.0811
2019-07-17T10:15+02:00;0.0522
2019-07-17T10:30+02:00;0.0632
2019-07-17T10:45+02:00;0.0512
2019-07-17T11:00+02:00;0.0687
2019-07-17T11:15+02:00;0.0626
2019-07-17T11:30+02:00;0.0549
2019-07-17T11:45+02:00;0.0439
2019-07-17T12:00+02:00;0.0462
2019-07-17T12:15+02:00;0.0308
2019-07-17T12:30+02:00;0.0241
2019-07-17T12:45+02:00;0.0106
2019-07-17T13:00+02:00;0.0058
2019-07-17T13:15+02:00;0.0090
2019-07-17T13:30+02:00;0.0250
2019-07-17T13:45+02:00;0.0527
2019-07-17T14:00+02:00;0.0792
2019-07-17T14:15+02:00;0.1302
2019-07-17T14:30+02:00;0.1749
2019-07-17T14:45+02:00;0.1454
2019-07-17T15:00+02:00;0.1758
2019-07-17T15:15+02:00;0.1559
2019-07-17T15:30+02:00;0.1571
2019-07-17T15:45+02:00;0.1649
2019-07-17T16:00+02:00;0.1517
2019-07-17T16:15+02:00;0.1454
2019-07-17T16:30+02:00;0.1513
2019-07-17T16:45+02:00;0.1155
2019-07-17T17:00+02:00;0.1618
2019-07-17T17:15+02:00;0.1867
2019-07-17T17:30+02:00;0.2260
2019-07-17T17:45+02:00;0.2267
2019-07-17T18:00+02:00;0.1880
2019-07-17T18:15+02:00;0.1649
2019-07-17T18:30+02:00;0.1770
2019-07-17T18:45+02:00;0.1476
2019-07-17T19:00+02:00;0.1534
2019-07-17T19:15+02:00;0.1221
2019-07-17T19:30+02:00;0.1669
2019-07-17T19:45+02:00;0.1637
2019-07-17T20:00+02:00;0.1636
2019-07-17T20:15+02:00;0.1828
2019-07-17T20:30+02:00;0.2123
2019-07-17T20:45+02:00;0.1657
2019-07-17T21:00+02:00;0.1983
2019-07-17T21:15+02:00;0.1543
2019-07-17T21:30+02:00;0.1150
2019-07-17T21:45+02:00;0.1062
2019-07-17T22:00+02:00;0.1042
2019-07-17T22:15+02:00;0.0755
2019-07-17T22:30+02:00;0.0783
2019-07-17T22:45+02:00;0.0674
2019-07-17T23:00+02:00;0.0592
2019-07-17T23:15+02:00;0.0419
2019-07-17T23:30+02:00;0.0348
2019-07-17T23:45+02:00;0.0317
2019-07-18T00:00+02:00;0.0245
2019-07-18T00:15+02:00;0.0208
2019-07-18T00:30+02:00;0.0269
2019-07-18T00:45+02:00;0.0270
2019-07-18T01:00+02:00;0.0282
2019-07-18T01:15+02:00;0.0249
2019-07-18T01:30+02:00;0.0233
2019-07-18T01:45+02:00;0.0278
2019-07-18T02:00+02:00;0.0276
2019-07-18T02:15+02:00;0.0258
2019-07-18T02:30+02:00;0.0262
2019-07-18T02:45+02:00;0.0281
2019-07-18T03:00+02:00;0.0213
2019-07-18T03:15+02:00;0.0234
2019-07-18T03:30+02:00;0.0189
2019-07-18T03:45+02:00;0.0222
2019-07-18T04:00+02:00;0.0239
2019-07-18T04:15+02:00;0.0286
2019-07-18T04:30+02:00;0.0348
2019-07-18T04:45+02:00;0.0549
2019-07-18T05:00+02:00;0.0749
2019-07-18T05:15+02:00;0.0837
2019-07-18T05:30+02:00;0.1248
2019-07-18T05:45+02:00;0.1230
2019-07-18T06:00+02:00;0.1101
2019-07-18T06:15+02:00;0.1352
2019-07-18T06:30+02:00;0.1208
2019-07-18T06:45+02:00;0.0736
2019-07-18T07:00+02:00;0.0571
2019-07-18T07:15+02:00;0.0467
2019-07-18T07:30+02:00;0.0269
2019-07-18T07:45+02:00;0.0171
2019-07-18T08:00+02:00;0.0157
2019-07-18T08:15+02:00;0.0250
2019-07-18T08:30+02:00;0.0390
2019-07-18T08:45+02:00;0.0602
2019-07-18T09:00+02:00;0.0778
2019-07-18T09:15+02:00;0.1059
2019-07-18T09:30+02:00;0.0955
2019-07-18T09:45+02:00;0.0924
2019-07-18T10:00+02:00;0.0712
2019-07-18T10:15+02:00;0.0673
2019-07-18T10:30+02:00;0.0774
2019-07-18T10:45+02:00;0.0687
2019-07-18T11:00+02:00;0.0830
2019-07-18T11:15+02:00;0.0856
2019-07-18T11:30+02:00;0.0642
2019-07-18T11:45+02:00;0.0681
2019-07-18T12:00+02:00;0.0483
2019-07-18T12:15+02:00;0.0387
2019-07-18T12:30+02:00;0.0209
2019-07-18T12:45+02:00;0.0109
2019-07-18T13:00+02:00;0.0078
2019-07-18T13:15+02:00;0.0097
2019-07-18T13:30+02:00;0.0243
2019-07-18T13:45+02:00;0.0498
2019-07-18T14:00+02:00;0.1078
2019-07-18T14:15+02:00;0.1167
2019-07-18T14:30+02:00;0.1775
2019-07-18T14:45+02:00;0.1586
2019-07-18T15:00+02:00;0.1862
2019-07-18T15:15+02:00;0.2395
2019-07-18T15:30+02:00;0.1551
2019-07-18T15:45+02:00;0.1911
2019-07-18T16:00+02:00;0.1673
2019-07-18T16:15+02:00;0.1615
2019-07-18T16:30+02:00;0.1535
2019-07-18T16:45+02:00;0.1393
2019-07-18T17:00+02:00;0.1608
2019-07-18T17:15+02:00;0.2088
2019-07-18T17:30+02:00;0.2533
2019-07-18T17:45+02:00;0.2620
2019-07-18T18:00+02:00;0.2311
2019-07-18T18:15+02:00;0.2149
2019-07-18T18:30+02:00;0.1907
2019-07-18T18:45+02:00;0.1629
2019-07-18T19:00+02:00;0.1640
2019-07-18T19:15+02:00;0.1492
2019-07-18T19:30+02:00;0.1761
2019-07-18T19:45+02:00;0.2265
2019-07-18T20:00+02:00;0.1735
2019-07-18T20:15+02:00;0.2192
2019-07-18T20:30+02:00;0.2170
2019-07-18T20:45+02:00;0.1924
2019-07-18T21:00+02:00;0.1650
2019-07-18T21:15+02:00;0.1433
2019-07-18T21:30+02:00;0.1173
2019-07-18T21:45+02:00;0.1048
2019-07-18T22:00+02:00;0.1034
2019-07-18T22:15+02:00;0.0826
2019-07-18T22:30+02:00;0.0677
2019-07-18T22:45+02:00;0.0851
2019-07-18T23:00+02:00;0.0713
2019-07-18T23:15+02:00;0.0466
2019-07-18T23:30+02:00;0.0460
2019-07-18T23:45+02:00;0.0392
2019-07-19T00:00+02:00;0.0289
2019-07-19T00:15+02:00;0.0211
2019-07-19T00:30+02:00;0.0213
2019-07-19T00:45+02:00;0.0269
2019-07-19T01:00+02:00;0.0275
2019-07-19T01:15+02:00;0.0226
2019-07-19T01:30+02:00;0.0256
2019-07-19T01:45+02:00;0.0271
2019-07-19T02:00+02:00;0.0201
2019-07-19T02:15+02:00;0.0207
2019-07-19T02:30+02:00;0.0305
2019-07-19T02:45+02:00;0.0266
2019-07-19T03:00+02:00;0.0282
2019-07-19T03:15+02:00;0.0266
2019-07-19T03:30+02:00;0.0200
2019-07-19T03:45+02:00;0.0239
2019-07-19T04:00+02:00;0.0252
2019-07-19T04:15+02:00;0.0322
2019-07-19T04:30+02:00;0.0499
2019-07-19T04:45+02:00;0.0484
2019-07-19T05:00+02:00;0.0710
2019-07-19T05:15+02:00;0.0872
2019-07-19T05:30+02:00;0.0960
2019-07-19T05:45+02:00;0.1270
2019-07-19T06:00+02:00;0.1460
2019-07-19T06:15+02:00;0.1465
2019-07-19T06:30+02:00;0.0978
2019-07-19T06:45+02:00;0.1055
2019-07-19T07:00+02:00;0.0702
2019-07-19T07:15+02:00;0.0562
2019-07-19T07:30+02:00;0.0266
2019-07-19T07:45+02:00;0.0178
2019-07-19T08:00+02:00;0.0162
2019-07-19T08:15+02:00;0.0204
2019-07-19T08:30+02:00;0.0424
2019-07-19T08:45+02:00;0.0532
2019-07-19T09:00+02:00;0.1014
2019-07-19T09:15+02:00;0.1140
2019-07-19T09:30+02:00;0.0967
2019-07-19T09:45+02:00;0.0784
2019-07-19T10:00+02:00;0.0971
2019-07-19T10:15+02:00;0.0708
2019-07-19T10:30+02:00;0.0692
2019-07-19T10:45+02:00;0.0815
2019-07-19T11:00+02:00;0.0601
2019-07-19T11:15+02:00;0.0739
2019-07-19T11:30+02:00;0.0574
2019-07-19T11:45+02:00;0.0563
2019-07-19T12:00+02:00;0.0433
2019-07-19T12:15+02:00;0.0377
2019-07-19T12:30+02:00;0.0242
2019-07-19T12:45+02:00;0.0137
2019-07-19T13:00+02:00;0.0063
2019-07-19T13:15+02:00;0.0106
2019-07-19T13:30+02:00;0.0231
2019-07-19T13:45+02:00;0.0600
2019-07-19T14:00+02:00;0.0909
2019-07-19T14:15+02:00;0.1186
2019-07-19T14:30+02:00;0.1727
2019-07-19T14:45+02:00;0.1623
2019-07-19T15:00+02:00;0.1922
2019-07-19T15:15+02:00;0.2042
2019-07-19T15:30+02:00;0.2001
2019-07-19T15:45+02:00;0.2109
2019-07-19T16:00+02:00;0.1548
2019-07-19T16:15+02:00;0.1734
2019-07-19T16:30+02:00;0.1313
2019-07-19T16:45+02:00;0.1647
2019-07-19T17:00+02:00;0.1762
2019-07-19T17:15+02:00;0.1949
2019-07-19T17:30+02:00;0.2429
2019-07-19T17:45+02:00;0.1832
2019-07-19T18:00+02:00;0.2408
2019-07-19T18:15+02:00;0.2107
2019-07-19T18:30+02:00;0.2120
2019-07-19T18:45+02:00;0.1457
2019-07-19T19:00+02:00;0.1847
2019-07-19T19:15+02:00;0.1604
2019-07-19T19:30+02:00;0.1632
2019-07-19T19:45+02:00;0.2361
2019-07-19T20:00+02:00;0.1785
2019-07-19T20:15+02:00;0.2102
2019-07-19T20:30+02:00;0.2748
2019-07-19T20:45+02:00;0.2517
2019-07-19T21:00+02:00;0.1674
2019-07-19T21:15+02:00;0.1516
2019-07-19T21:30+02:00;0.1722
2019-07-19T21:45+02:00;0.1369
2019-07-19T22:00+02:00;0.1011
2019-07-19T22:15+02:00;0.0993
2019-07-19T22:30+02:00;0.0980
2019-07-19T22:45+02:00;0.0875
2019-07-19T23:00+02:00;0.0665
2019-07-19T23:15+02:00;0.0515
2019-07-19T23:30+02:00;0.0458
2019-07-19T23:45+02:00;0.0392
2019-07-20T00:00+02:00;0.0282
2019-07-20T00:15+02:00;0.0325
2019-07-20T00:30+02:00;0.0298
2019-07-20T00:45+02:00;0.0337
2019-07-20T01:00+02:00;0.0239
2019-07-20T01:15+02:00;0.0266
2019-07-20T01:30+02:00;0.0249
2019-07-20T01:45+02:00;0.0288
2019-07-20T02:00+02:00;0.0285
2019-07-20T02:15+02:00;0.0322
2019-07-20T02:30+02:00;0.0304
2019-07-20T02:45+02:00;0.0344
2019-07-20T03:00+02:00;0.0273
2019-07-20T03:15+02:00;0.0245
2019-07-20T03:30+02:00;0.0224
2019-07-20T03:45+02:00;0.0236
2019-07-20T04:00+02:00;0.0309
2019-07-20T04:15+02:00;0.0381
2019-07-20T04:30+02:00;0.0452
2019-07-20T04:45+02:00;0.0732
2019-07-20T05:00+02:00;0.0869
2019-07-20T05:15+02:00;0.0837
2019-07-20T05:30+02:00;0.1059
2019-07-20T05:45+02:00;0.1440
2019-07-20T06:00+02:00;0.1173
2019-07-20T06:15+02:00;0.1508
2019-07-20T06:30+02:00;0.1229
2019-07-20T06:45+02:00;0.1189
2019-07-20T07:00+02:00;0.0854
2019-07-20T07:15+02:00;0.0618
2019-07-20T07:30+02:00;0.0426
2019-07-20T07:45+02:00;0.0285
2019-07-20T08:00+02:00;0.0181
2019-07-20T08:15+02:00;0.0327
2019-07-20T08:30+02:00;0.0517
2019-07-20T08:45+02:00;0.0643
2019-07-20T09:00+02:00;0.1048
2019-07-20T09:15+02:00;0.1137
2019-07-20T09:30+02:00;0.0923
2019-07-20T09:45+02:00;0.0942
2019-07-20T10:00+02:00;0.0786
2019-07-20T10:15+02:00;0.0788
2019-07-20T10:30+02:00;0.0858
2019-07-20T10:45+02:00;0.0690
2019-07-20T11:00+02:00;0.0773
2019-07-20T11:15+02:00;0.0921
2019-07-20T11:30+02:00;0.0819
2019-07-20T11:45+02:00;0.0693
2019-07-20T12:00+02:00;0.0544
2019-07-20T12:15+02:00;0.0477
2019-07-20T12:30+02:00;0.0326
2019-07-20T12:45+02:00;0.0121
2019-07-20T13:00+02:00;0.0087
2019-07-20T13:15+02:00;0.0086
2019-07-20T13:30+02:00;0.0239
2019-07-20T13:45+02:00;0.0506
2019-07-20T14:00+02:00;0.1115
2019-07-20T14:15+02:00;0.1346
2019-07-20T14:30+02:00;0.1971
2019-07-20T14:45+02:00;0.2263
2019-07-20T15:00+02:00;0.2499
2019-07-20T15:15+02:00;0.2236
2019-07-20T15:30+02:00;0.2288
2019-07-20T15:45+02:00;0.2103
2019-07-20T16:00+02:00;0.1793
2019-07-20T16:15+02:00;0.1964
2019-07-20T16:30+02:00;0.1598
2019-07-20T16:45+02:00;0.1589
2019-07-20T17:00+02:00;0.2503
2019-07-20T17:15+02:00;0.2653
2019-07-20T17:30+02:00;0.2686
2019-07-20T17:45+02:00;0.2606
2019-07-20T18:00+02:00;0.2825
2019-07-20T18:15+02:00;0.2130
2019-07-20T18:30+02:00;0.1981
2019-07-20T18:45+02:00;0.2062
2019-07-20T19:00+02:00;0.1790
2019-07-20T19:15+02:00;0.1720
2019-07-20T19:30+02:00;0.2241
2019-07-20T19:45+02:00;0.2489
2019-07-20T20:00+02:00;0.1930
2019-07-20T20:15+02:00;0.3007
2019-07-20T20:30+02:00;0.2542
2019-07-20T20:45+02:00;0.2213
2019-07-20T21:00+02:00;0.1963
2019-07-20T21:15+02:00;0.2233
2019-07-20T21:30+02:00;0.1457
2019-07-20T21:45+02:00;0.1229
2019-07-20T22:00+02:00;0.1231
2019-07-20T22:15+02:00;0.0859
2019-07-20T22:30+02:00;0.0981
2019-07-20T22:45+02:00;0.0925
2019-07-20T23:00+02:00;0.0699
2019-07-20T23:15+02:00;0.0656
2019-07-20T23:30+02:00;0.0522
2019-07-20T23:45+02:00;0.0424
2019-07-21T00:00+02:00;0.0278
2019-07-21T00:15+02:00;0.0324
2019-07-21T00:30+02:00;0.0286
2019-07-21T00:45+02:00;0.0274
2019-07-21T01:00+02:00;0.0352
2019-07-21T01:15+02:00;0.0355
2019-07-21T01:30+02:00;0.0281
2019-07-21T01:45+02:00;0.0269
2019-07-21T02:00+02:00;0.0301
2019-07-21T02:15+02:00;0.0286
2019-07-21T02:30+02:00;0.0349
2019-07-21T02:45+02:00;0.0337
2019-07-21T03:00+02:00;0.0278
2019-07-21T03:15+02:00;0.0342
2019-07-21T03:30+02:00;0.0269
2019-07-21T03:45+02:00;0.0244
2019-07-21T04:00+02:00;0.0310
2019-07-21T04:15+02:00;0.0494
2019-07-21T04:30+02:00;0.0500
2019-07-21T04:45+02:00;0.0890
2019-07-21T05:00+02:00;0.0853
2019-07-21T05:15+02:00;0.1368
2019-07-21T05:30+02:00;0.1401
2019-07-21T05:45+02:00;0.1906
2019-07-21T06:00+02:00;0.1784
2019-07-21T06:15+02:00;0.1554
2019-07-21T06:30+02:00;0.1598
2019-07-21T06:45+02:00;0.1473
2019-07-21T07:00+02:00;0.1013
2019-07-21T07:15+02:00;0.0700
2019-07-21T07:30+02:00;0.0450
2019-07-21T07:45+02:00;0.0250
2019-07-21T08:00+02:00;0.0201
2019-07-21T08:15+02:00;0.0351
2019-07-21T08:30+02:00;0.0681
2019-07-21T08:45+02:00;0.0786
2019-07-21T09:00+02:00;0.1262
2019-07-21T09:15+02:00;0.1399
2019-07-21T09:30+02:00;0.1370
2019-07-21T09:45+02:00;0.1141
2019-07-21T10:00+02:00;0.0999
2019-07-21T10:15+02:00;0.1192
2019-07-21T10:30+02:00;0.1088
2019-07-21T10:45+02:00;0.0999
2019-07-21T11:00+02:00;0.0838
2019-07-21T11:15+02:00;0.0865
2019-07-21T11:30+02:00;0.0858
2019-07-21T11:45+02:00;0.0675
2019-07-21T12:00+02:00;0.0649
2019-07-21T12:15+02:00;0.0508
2019-07-21T12:30+02:00;0.0307
2019-07-21T12:45+02:00;0.0178
2019-07-21T13:00+02:00;0.0079
2019-07-21T13:15+02:00;0.0114
2019-07-21T13:30+02:00;0.0314
2019-07-21T13:45+02:00;0.0791
2019-07-21T14:00+02:00;0.1490
2019-07-21T14:15+02:00;0.2109
2019-07-21T14:30+02:00;0.2044
2019-07-21T14:45+02:00;0.2915
2019-07-21T15:00+02:00;0.2326
2019-07-21T15:15+02:00;0.3052
2019-07-21T15:30+02:00;0.2167
2019-07-21T15:45+02:00;0.2103
2019-07-21T16:00+02:00;0.2477
2019-07-21T16:15+02:00;0.1773
2019-07-21T16:30+02:00;0.2420
2019-07-21T16:45+02:00;0.1863
2019-07-21T17:00+02:00;0.2765
2019-07-21T17:15+02:00;0.2713
2019-07-21T17:30+02:00;0.3024
2019-07-21T17:45+02:00;0.2854
2019-07-21T18:00+02:00;0.2964
2019-07-21T18:15+02:00;0.2618
2019-07-21T18:30+02:00;0.2021
2019-07-21T18:45+02:00;0.1893
2019-07-21T19:00+02:00;0.1874
2019-07-21T19:15+02:00;0.2443
2019-07-21T19:30+02:00;0.2306
2019-07-21T19:45+02:00;0.2581
2019-07-21T20:00+02:00;0.2491
2019-07-21T20:15+02:00;0.2838
2019-07-21T20:30+02:00;0.3179
2019-07-21T20:45+02:00;0.2752
2019-07-21T21:00+02:00;0.2532
2019-07-21T21:15+02:00;0.1974
2019-07-21T21:30+02:00;0.2084
2019-07-21T21:45+02:00;0.1416
2019-07-21T22:00+02:00;0.1549
2019-07-21T22:15+02:00;0.1400
2019-07-21T22:30+02:00;0.1239
2019-07-21T22:45+02:00;0.0993
2019-07-21T23:00+02:00;0.0745
2019-07-21T23:15+02:00;0.0805
2019-07-21T23:30+02:00;0.0684
2019-07-21T23:45+02:00;0.0426
2019-07-22T00:00+02:00;0.0223
2019-07-22T00:15+02:00;0.0194
2019-07-22T00:30+02:00;0.0235
2019-07-22T00:45+02:00;0.0200
2019-07-22T01:00+02:00;0.0251
2019-07-22T01:15+02:00;0.0242
2019-07-22T01:30+02:00;0.0272
2019-07-22T01:45+02:00;0.0201
2019-07-22T02:00+02:00;0.0213
2019-07-22T02:15+02:00;0.0269
2019-07-22T02:30+02:00;0.0261
2019-07-22T02:45+02:00;0.0234
2019-07-22T03:00+02:00;0.0202
2019-07-22T03:15+02:00;0.0214
2019-07-22T03:30+02:00;0.0212
2019-07-22T03:45+02:00;0.0206
2019-07-22T04:00+02:00;0.0268
2019-07-22T04:15+02:00;0.0322
2019-07-22T04:30+02:00;0.0462
2019-07-22T04:45+02:00;0.0483
2019-07-22T05:00+02:00;0.0572
2019-07-22T05:15+02:00;0.0842
2019-07-22T05:30+02:00;0.0976
2019-07-22T05:45+02:00;0.0902
2019-07-22T06:00+02:00;0.0968
2019-07-22T06:15+02:00;0.1328
2019-07-22T06:30+02:00;0.1226
2019-07-22T06:45+02:00;0.0711
2019-07-22T07:00+02:00;0.0607
2019-07-22T07:15+02:00;0.0473
2019-07-22T07:30+02:00;0.0322
2019-07-22T07:45+02:00;0.0185
2019-07-22T08:00+02:00;0.0148
2019-07-22T08:15+02:00;0.0240
2019-07-22T08:30+02:00;0.0414
2019-07-22T08:45+02:00;0.0682
2019-07-22T09:00+02:00;0.0645
2019-07-22T09:15+02:00;0.0866
2019-07-22T09:30+02:00;0.0907
2019-07-22T09:45+02:00;0.1046
2019-07-22T10:00+02:00;0.0892
2019-07-22T10:15+02:00;0.0692
2019-07-22T10:30+02:00;0.0736
2019-07-22T10:45+02:00;0.0609
2019-07-22T11:00+02:00;0.0561
2019-07-22T11:15+02:00;0.0665
2019-07-22T11:30+02:00;0.0636
2019-07-22T11:45+02:00;0.0471
2019-07-22T12:00+02:00;0.0563
2019-07-22T12:15+02:00;0.0324
2019-07-22T12:30+02:00;0.0274
2019-07-22T12:45+02:00;0.0140
2019-07-22T13:00+02:00;0.0057
2019-07-22T13:15+02:00;0.0076
2019-07-22T13:30+02:00;0.0215
2019-07-22T13:45+02:00;0.0423
2019-07-22T14:00+02:00;0.1066
2019-07-22T14:15+02:00;0.1073
2019-07-22T14:30+02:00;0.1434
2019-07-22T14:45+02:00;0.1742
2019-07-22T15:00+02:00;0.1597
2019-07-22T15:15+02:00;0.2261
2019-07-22T15:30+02:00;0.2014
2019-07-22T15:45+02:00;0.1586
2019-07-22T16:00+02:00;0.1639
2019-07-22T16:15+02:00;0.1566
2019-07-22T16:30+02:00;0.1223
2019-07-22T16:45+02:00;0.1408
2019-07-22T17:00+02:00;0.1864
2019-07-22T17:15+02:00;0.1920
2019-07-22T17:30+02:00;0.2321
2019-07-22T17:45+02:00;0.2420
2019-07-22T18:00+02:00;0.1994
2019-07-22T18:15+02:00;0.1977
2019-07-22T18:30+02:00;0.1761
2019-07-22T18:45+02:00;0.1736
2019-07-22T19:00+02:00;0.1380
2019-07-22T19:15+02:00;0.1906
2019-07-22T19:30+02:00;0.1729
2019-07-22T19:45+02:00;0.1654
2019-07-22T20:00+02:00;0.1832
2019-07-22T20:15+02:00;0.2345
2019-07-22T20:30+02:00;0.2377
2019-07-22T20:45+02:00;0.2258
2019-07-22T21:00+02:00;0.2063
2019-07-22T21:15+02:00;0.1949
2019-07-22T21:30+02:00;0.1285
2019-07-22T21:45+02:00;0.1380
2019-07-22T22:00+02:00;0.0998
2019-07-22T22:15+02:00;0.0992
2019-07-22T22:30+02:00;0.0844
2019-07-22T22:45+02:00;0.0587
2019-07-22T23:00+02:00;0.0582
2019-07-22T23:15+02:00;0.0559
2019-07-22T23:30+02:00;0.0381
2019-07-22T23:45+02:00;0.0352
2019-07-23T00:00+02:00;0.0237
2019-07-23T00:15+02:00;0.0289
2019-07-23T00:30+02:00;0.0264
2019-07-23T00:45+02:00;0.0277
2019-07-23T01:00+02:00;0.0266
2019-07-23T01:15+02:00;0.0250
2019-07-23T01:30+02:00;0.0204
2019-07-23T01:45+02:00;0.0283
2019-07-23T02:00+02:00;0.0273
2019-07-23T02:15+02:00;0.0224
2019-07-23T02:30+02:00;0.0255
2019-07-23T02:45+02:00;0.0298
2019-07-23T03:00+02:00;0.0222
2019-07-23T03:15+02:00;0.0241
2019-07-23T03:30+02:00;0.0233
2019-07-23T03:45+02:00;0.0206
2019-07-23T04:00+02:00;0.0257
2019-07-23T04:15+02:00;0.0289
2019-07-23T04:30+02:00;0.0377
2019-07-23T04:45+02:00;0.0697
2019-07-23T05:00+02:00;0.0646
2019-07-23T05:15+02:00;0.0902
2019-07-23T05:30+02:00;0.1141
2019-07-23T05:45+02:00;0.0990
2019-07-23T06:00+02:00;0.1345
2019-07-23T06:15+02:00;0.1064
2019-07-23T06:30+02:00;0.1317
2019-07-23T06:45+02:00;0.1088
2019-07-23T07:00+02:00;0.0708
2019-07-23T07:15+02:00;0.0586
2019-07-23T07:30+02:00;0.0267
2019-07-23T07:45+02:00;0.0205
2019-07-23T08:00+02:00;0.0216
2019-07-23T08:15+02:00;0.0224
2019-07-23T08:30+02:00;0.0482
2019-07-23T08:45+02:00;0.0599
2019-07-23T09:00+02:00;0.0744
2019-07-23T09:15+02:00;0.0821
2019-07-23T09:30+02:00;0.0910
2019-07-23T09:45+02:00;0.1124
2019-07-23T10:00+02:00;0.0689
2019-07-23T10:15+02:00;0.0692
2019-07-23T10:30+02:00;0.0834
2019-07-23T10:45+02:00;0.0850
2019-07-23T11:00+02:00;0.0614
2019-07-23T11:15+02:00;0.0619
2019-07-23T11:30+02:00;0.0837
2019-07-23T11:45+02:00;0.0656
2019-07-23T12:00+02:00;0.0522
2019-07-23T12:15+02:00;0.0438
2019-07-23T12:30+02:00;0.0216
2019-07-23T12:45+02:00;0.0129
2019-07-23T13:00+02:00;0.0063
2019-07-23T13:15+02:00;0.0099
2019-07-23T13:30+02:00;0.0297
2019-07-23T13:45+02:00;0.0575
2019-07-23T14:00+02:00;0.0943
2019-07-23T14:15+02:00;0.1421
2019-07-23T14:30+02:00;0.1983
2019-07-23T14:45+02:00;0.2232
2019-07-23T15:00+02:00;0.2133
2019-07-23T15:15+02:00;0.1824
2019-07-23T15:30+02:00;0.1926
2019-07-23T15:45+02:00;0.2084
2019-07-23T16:00+02:00;0.1328
2019-07-23T16:15+02:00;0.1213
2019-07-23T16:30+02:00;0.1372
2019-07-23T16:45+02:00;0.1610
2019-07-23T17:00+02:00;0.1977
2019-07-23T17:15+02:00;0.2240
2019-07-23T17:30+02:00;0.2568
2019-07-23T17:45+02:00;0.2492
2019-07-23T18:00+02:00;0.2050
2019-07-23T18:15+02:00;0.1903
2019-07-23T18:30+02:00;0.1716
2019-07-23T18:45+02:00;0.1779
2019-07-23T19:00+02:00;0.1726
2019-07-23T19:15+02:00;0.1683
2019-07-23T19:30+02:00;0.2092
2019-07-23T19:45+02:00;0.2264
2019-07-23T20:00+02:00;0.1733
2019-07-23T20:15+02:00;0.2686
2019-07-23T20:30+02:00;0.2187
2019-07-23T20:45+02:00;0.2068
2019-07-23T21:00+02:00;0.1752
2019-07-23T21:15+02:00;0.1758
2019-07-23T21:30+02:00;0.1597
2019-07-23T21:45+02:00;0.1249
2019-07-23T22:00+02:00;0.1101
2019-07-23T22:15+02:00;0.0785
2019-07-23T22:30+02:00;0.0820
2019-07-23T22:45+02:00;0.0880
2019-07-23T23:00+02:00;0.0607
2019-07-23T23:15+02:00;0.0619
2019-07-23T23:30+02:00;0.0532
2019-07-23T23:45+02:00;0.0298
2019-07-24T00:00+02:00;0.0277
2019-07-24T00:15+02:00;0.0377
2019-07-24T00:30+02:00;0.0340
2019-07-24T00:45+02:00;0.0312
2019-07-24T01:00+02:00;0.0270
2019-07-24T01:15+02:00;0.0387
2019-07-24T01:30+02:00;0.0361
2019-07-24T01:45+02:00;0.0331
2019-07-24T02:00+02:00;0.0300
2019-07-24T02:15+02:00;0.0330
2019-07-24T02:30+02:00;0.0328
2019-07-24T02:45+02:00;0.0283
2019-07-24T03:00+02:00;0.0349
2019-07-24T03:15+02:00;0.0342
2019-07-24T03:30+02:00;0.0281
2019-07-24T03:45+02:00;0.0327
2019-07-24T04:00+02:00;0.0382
2019-07-24T04:15+02:00;0.0502
2019-07-24T04:30+02:00;0.0623
2019-07-24T04:45+02:00;0.0929
2019-07-24T05:00+02:00;0.0873
2019-07-24T05:15+02:00;0.1463
2019-07-24T05:30+02:00;0.1274
2019-07-24T05:45+02:00;0.1724
2019-07-24T06:00+02:00;0.1397
2019-07-24T06:15+02:00;0.1656
2019-07-24T06:30+02:00;0.1623
2019-07-24T06:45+02:00;0.1238
2019-07-24T07:00+02:00;0.0888
2019-07-24T07:15+02:00;0.0604
2019-07-24T07:30+02:00;0.0455
2019-07-24T07:45+02:00;0.0316
2019-07-24T08:00+02:00;0.0209
2019-07-24T08:15+02:00;0.0322
2019-07-24T08:30+02:00;0.0676
2019-07-24T08:45+02:00;0.0774
2019-07-24T09:00+02:00;0.0963
2019-07-24T09:15+02:00;0.1335
2019-07-24T09:30+02:00;0.1392
2019-07-24T09:45+02:00;0.1072
2019-07-24T10:00+02:00;0.0910
2019-07-24T10:15+02:00;0.0953
2019-07-24T10:30+02:00;0.1135
2019-07-24T10:45+02:00;0.0849
2019-07-24T11:00+02:00;0.1080
2019-07-24T11:15+02:00;0.0950
2019-07-24T11:30+02:00;0.1089
2019-07-24T11:45+02:00;0.0704
2019-07-24T12:00+02:00;0.0788
2019-07-24T12:15+02:00;0.0591
2019-07-24T12:30+02:00;0.0309
2019-07-24T12:45+02:00;0.0187
2019-07-24T13:00+02:00;0.0079
2019-07-24T13:15+02:00;0.0136
2019-07-24T13:30+02:00;0.0312
2019-07-24T13:45+02:00;0.0751
2019-07-24T14:00+02:00;0.1293
2019-07-24T14:15+02:00;0.1536
2019-07-24T14:30+02:00;0.2346
2019-07-24T14:45+02:00;0.2794
2019-07-24T15:00+02:00;0.2421
2019-07-24T15:15+02:00;0.2310
2019-07-24T15:30+02:00;0.2805
2019-07-24T15:45+02:00;0.2251
2019-07-24T16:00+02:00;0.1971
2019-07-24T16:15+02:00;0.2332
2019-07-24T16:30+02:00;0.1925
2019-07-24T16:45+02:00;0.2508
2019-07-24T17:00+02:00;0.2300
2019-07-24T17:15+02:00;0.2584
2019-07-24T17:30+02:00;0.3482
2019-07-24T17:45+02:00;0.3535
2019-07-24T18:00+02:00;0.3117
2019-07-24T18:15+02:00;0.3149
2019-07-24T18:30+02:00;0.2243
2019-07-24T18:45+02:00;0.1970
2019-07-24T19:00+02:00;0.2575
2019-07-24T19:15+02:00;0.2738
2019-07-24T19:30+02:00;0.2395
2019-07-24T19:45+02:00;0.2367
2019-07-24T20:00+02:00;0.2667
2019-07-24T20:15+02:00;0.2999
2019-07-24T20:30+02:00;0.3287
2019-07-24T20:45+02:00;0.2860
2019-07-24T21:00+02:00;0.2872
2019-07-24T21:15+02:00;0.1983
2019-07-24T21:30+02:00;0.2131
2019-07-24T21:45+02:00;0.1670
2019-07-24T22:00+02:00;0.1236
2019-07-24T22:15+02:00;0.1046
2019-07-24T22:30+02:00;0.1118
2019-07-24T22:45+02:00;0.0823
2019-07-24T23:00+02:00;0.0997
2019-07-24T23:15+02:00;0.0701
2019-07-24T23:30+02:00;0.0516
2019-07-24T23:45+02:00;0.0538
2019-07-25T00:00+02:00;0.0227
2019-07-25T00:15+02:00;0.0218
2019-07-25T00:30+02:00;0.0219
2019-07-25T00:45+02:00;0.0252
2019-07-25T01:00+02:00;0.0238
2019-07-25T01:15+02:00;0.0292
2019-07-25T01:30+02:00;0.0271
2019-07-25T01:45+02:00;0.0285
2019-07-25T02:00+02:00;0.0303
2019-07-25T02:15+02:00;0.0285
2019-07-25T02:30+02:00;0.0296
2019-07-25T02:45+02:00;0.0306
2019-07-25T03:00+02:00;0.0216
2019-07-25T03:15+02:00;0.0228
2019-07-25T03:30+02:00;0.0207
2019-07-25T03:45+02:00;0.0247
2019-07-25T04:00+02:00;0.0221
2019-07-25T04:15+02:00;0.0306
2019-07-25T04:30+02:00;0.0511
2019-07-25T04:45+02:00;0.0612
2019-07-25T05:00+02:00;0.0676
2019-07-25T05:15+02:00;0.1123
2019-07-25T05:30+02:00;0.1024
2019-07-25T05:45+02:00;0.1010
2019-07-25T06:00+02:00;0.1103
2019-07-25T06:15+02:00;0.1182
2019-07-25T06:30+02:00;0.1319
2019-07-25T06:45+02:00;0.1133
2019-07-25T07:00+02:00;0.0811
2019-07-25T07:15+02:00;0.0596
2019-07-25T07:30+02:00;0.0369
2019-07-25T07:45+02:00;0.0250
2019-07-25T08:00+02:00;0.0174
2019-07-25T08:15+02:00;0.0302
2019-07-25T08:30+02:00;0.0392
2019-07-25T08:45+02:00;0.0687
2019-07-25T09:00+02:00;0.0943
2019-07-25T09:15+02:00;0.0911
2019-07-25T09:30+02:00;0.0938
2019-07-25T09:45+02:00;0.1091
2019-07-25T10:00+02:00;0.0780
2019-07-25T10:15+02:00;0.0927
2019-07-25T10:30+02:00;0.0825
2019-07-25T10:45+02:00;0.0658
2019-07-25T11:00+02:00;0.0709
2019-07-25T11:15+02:00;0.0761
2019-07-25T11:30+02:00;0.0837
2019-07-25T11:45+02:00;0.0534
2019-07-25T12:00+02:00;0.0555
2019-07-25T12:15+02:00;0.0450
2019-07-25T12:30+02:00;0.0272
2019-07-25T12:45+02:00;0.0140
2019-07-25T13:00+02:00;0.0077
2019-07-25T13:15+02:00;0.0083
2019-07-25T13:30+02:00;0.0282
2019-07-25T13:45+02:00;0.0475
2019-07-25T14:00+02:00;0.1133
2019-07-25T14:15+02:00;0.1480
2019-07-25T14:30+02:00;0.2084
2019-07-25T14:45+02:00;0.1948
2019-07-25T15:00+02:00;0.1848
2019-07-25T15:15+02:00;0.2552
2019-07-25T15:30+02:00;0.1861
2019-07-25T15:45+02:00;0.1703
2019-07-25T16:00+02:00;0.1435
2019-07-25T16:15+02:00;0.1269
2019-07-25T16:30+02:00;0.1512
2019-07-25T16:45+02:00;0.1431
2019-07-25T17:00+02:00;0.1572
2019-07-25T17:15+02:00;0.1870
2019-07-25T17:30+02:00;0.2074
2019-07-25T17:45+02:00;0.2389
2019-07-25T18:00+02:00;0.1976
2019-07-25T18:15+02:00;0.2467
2019-07-25T18:30+02:00;0.2069
2019-07-25T18:45+02:00;0.1785
2019-07-25T19:00+02:00;0.1732
2019-07-25T19:15+02:00;0.1806
2019-07-25T19:30+02:00;0.1595
2019-07-25T19:45+02:00;0.2355
2019-07-25T20:00+02:00;0.2054
2019-07-25T20:15+02:00;0.2282
2019-07-25T20:30+02:00;0.2153
2019-07-25T20:45+02:00;0.2204
2019-07-25T21:00+02:00;0.1927
2019-07-25T21:15+02:00;0.2256
2019-07-25T21:30+02:00;0.1444
2019-07-25T21:45+02:00;0.1442
2019-07-25T22:00+02:00;0.1128
2019-07-25T22:15+02:00;0.1126
2019-07-25T22:30+02:00;0.0842
2019-07-25T22:45+02:00;0.0661
2019-07-25T23:00+02:00;0.0757
2019-07-25T23:15+02:00;0.0620
2019-07-25T23:30+02:00;0.0520
2019-07-25T23:45+02:00;0.0342
2019-07-26T00:00+02:00;0.0172
2019-07-26T00:15+02:00;0.0236
2019-07-26T00:30+02:00;0.0168
2019-07-26T00:45+02:00;0.0248
2019-07-26T01:00+02:00;0.0171
2019-07-26T01:15+02:00;0.0227
2019-07-26T01:30+02:00;0.0224
2019-07-26T01:45+02:00;0.0202
2019-07-26T02:00+02:00;0.0215
2019-07-26T02:15+02:00;0.0175
2019-07-26T02:30+02:00;0.0234
2019-07-26T02:45+02:00;0.0247
2019-07-26T03:00+02:00;0.0222
2019-07-26T03:15+02:00;0.0186
2019-07-26T03:30+02:00;0.0162
2019-07-26T03:45+02:00;0.0158
2019-07-26T04:00+02:00;0.0206
2019-07-26T04:15+02:00;0.0235
2019-07-26T04:30+02:00;0.0426
2019-07-26T04:45+02:00;0.0505
2019-07-26T05:00+02:00;0.0714
2019-07-26T05:15+02:00;0.0863
2019-07-26T05:30+02:00;0.0899
2019-07-26T05:45+02:00;0.0912
2019-07-26T06:00+02:00;0.0988
2019-07-26T06:15+02:00;0.0949
2019-07-26T06:30+02:00;0.0941
2019-07-26T06:45+02:00;0.0731
2019-07-26T07:00+02:00;0.0513
2019-07-26T07:15+02:00;0.0478
2019-07-26T07:30+02:00;0.0235
2019-07-26T07:45+02:00;0.0142
2019-07-26T08:00+02:00;0.0141
2019-07-26T08:15+02:00;0.0206
2019-07-26T08:30+02:00;0.0420
2019-07-26T08:45+02:00;0.0434
2019-07-26T09:00+02:00;0.0614
2019-07-26T09:15+02:00;0.0817
2019-07-26T09:30+02:00;0.0877
2019-07-26T09:45+02:00;0.0727
2019-07-26T10:00+02:00;0.0795
2019-07-26T10:15+02:00;0.0655
2019-07-26T10:30+02:00;0.0567
2019-07-26T10:45+02:00;0.0590
2019-07-26T11:00+02:00;0.0541
2019-07-26T11:15+02:00;0.0673
2019-07-26T11:30+02:00;0.0689
2019-07-26T11:45+02:00;0.0566
2019-07-26T12:00+02:00;0.0381
2019-07-26T12:15+02:00;0.0308
2019-07-26T12:30+02:00;0.0241
2019-07-26T12:45+02:00;0.0130
2019-07-26T13:00+02:00;0.0052
2019-07-26T13:15+02:00;0.0071
2019-07-26T13:30+02:00;0.0240
2019-07-26T13:45+02:00;0.0502
2019-07-26T14:00+02:00;0.0737
2019-07-26T14:15+02:00;0.1083
2019-07-26T14:30+02:00;0.1690
2019-07-26T14:45+02:00;0.1653
2019-07-26T15:00+02:00;0.1451
2019-07-26T15:15+02:00;0.2004
2019-07-26T15:30+02:00;0.1751
2019-07-26T15:45+02:00;0.1415
2019-07-26T16:00+02:00;0.1539
2019-07-26T16:15+02:00;0.1090
2019-07-26T16:30+02:00;0.1128
2019-07-26T16:45+02:00;0.1397
2019-07-26T17:00+02:00;0.1564
2019-07-26T17:15+02:00;0.1449
2019-07-26T17:30+02:00;0.1662
2019-07-26T17:45+02:00;0.2242
2019-07-26T18:00+02:00;0.1752
2019-07-26T18:15+02:00;0.1471
2019-07-26T18:30+02:00;0.1587
2019-07-26T18:45+02:00;0.1415
2019-07-26T19:00+02:00;0.1296
2019-07-26T19:15+02:00;0.1250
2019-07-26T19:30+02:00;0.1555
2019-07-26T19:45+02:00;0.1645
2019-07-26T20:00+02:00;0.2099
2019-07-26T20:15+02:00;0.1820
2019-07-26T20:30+02:00;0.2012
2019-07-26T20:45+02:00;0.2115
2019-07-26T21:00+02:00;0.1456
2019-07-26T21:15+02:00;0.1676
2019-07-26T21:30+02:00;0.1146
2019-07-26T21:45+02:00;0.1054
2019-07-26T22:00+02:00;0.0835
2019-07-26T22:15+02:00;0.0818
2019-07-26T22:30+02:00;0.0717
2019-07-26T22:45+02:00;0.0647
2019-07-26T23:00+02:00;0.0592
2019-07-26T23:15+02:00;0.0428
2019-07-26T23:30+02:00;0.0350
2019-07-26T23:45+02:00;0.0307
2019-07-27T00:00+02:00;0.0266
2019-07-27T00:15+02:00;0.0256
2019-07-27T00:30+02:00;0.0254
2019-07-27T00:45+02:00;0.0229
2019-07-27T01:00+02:00;0.0262
2019-07-27T01:15+02:00;0.0304
2019-07-27T01:30+02:00;0.0244
2019-07-27T01:45+02:00;0.0229
2019-07-27T02:00+02:00;0.0215
2019-07-27T02:15+02:00;0.0227
2019-07-27T02:30+02:00;0.0310
2019-07-27T02:45+02:00;0.0309
2019-07-27T03:00+02:00;0.0230
2019-07-27T03:15+02:00;0.0228
2019-07-27T03:30+02:00;0.0243
2019-07-27T03:45+02:00;0.0261
2019-07-27T04:00+02:00;0.0212
2019-07-27T04:15+02:00;0.0300
2019-07-27T04:30+02:00;0.0471
2019-07-27T04:45+02:00;0.0651
2019-07-27T05:00+02:00;0.0743
2019-07-27T05:15+02:00;0.0905
2019-07-27T05:30+02:00;0.1307
2019-07-27T05:45+02:00;0.1405
2019-07-27T06:00+02:00;0.1238
2019-07-27T06:15+02:00;0.1075
2019-07-27T06:30+02:00;0.1007
2019-07-27T06:45+02:00;0.1068
2019-07-27T07:00+02:00;0.0716
2019-07-27T07:15+02:00;0.0603
2019-07-27T07:30+02:00;0.0374
2019-07-27T07:45+02:00;0.0231
2019-07-27T08:00+02:00;0.0191
2019-07-27T08:15+02:00;0.0218
2019-07-27T08:30+02:00;0.0509
2019-07-27T08:45+02:00;0.0575
2019-07-27T09:00+02:00;0.0955
2019-07-27T09:15+02:00;0.0838
2019-07-27T09:30+02:00;0.1171
2019-07-27T09:45+02:00;0.0830
2019-07-27T10:00+02:00;0.0978
2019-07-27T10:15+02:00;0.0829
2019-07-27T10:30+02:00;0.0630
2019-07-27T10:45+02:00;0.0647
2019-07-27T11:00+02:00;0.0867
2019-07-27T11:15+02:00;0.0772
2019-07-27T11:30+02:00;0.0647
2019-07-27T11:45+02:00;0.0555
2019-07-27T12:00+02:00;0.0610
2019-07-27T12:15+02:00;0.0372
2019-07-27T12:30+02:00;0.0253
2019-07-27T12:45+02:00;0.0139
2019-07-27T13:00+02:00;0.0075
2019-07-27T13:15+02:00;0.0105
2019-07-27T13:30+02:00;0.0222
2019-07-27T13:45+02:00;0.0513
2019-07-27T14:00+02:00;0.1035
2019-07-27T14:15+02:00;0.1214
2019-07-27T14:30+02:00;0.2114
2019-07-27T14:45+02:00;0.1889
2019-07-27T15:00+02:00;0.1886
2019-07-27T15:15+02:00;0.1937
2019-07-27T15:30+02:00;0.1907
2019-07-27T15:45+02:00;0.2181
2019-07-27T16:00+02:00;0.1481
2019-07-27T16:15+02:00;0.1744
2019-07-27T16:30+02:00;0.1362
2019-07-27T16:45+02:00;0.1634
2019-07-27T17:00+02:00;0.2046
2019-07-27T17:15+02:00;0.2219
2019-07-27T17:30+02:00;0.1932
2019-07-27T17:45+02:00;0.2139
2019-07-27T18:00+02:00;0.2105
2019-07-27T18:15+02:00;0.2438
2019-07-27T18:30+02:00;0.1823
2019-07-27T18:45+02:00;0.1657
2019-07-27T19:00+02:00;0.1711
2019-07-27T19:15+02:00;0.1533
2019-07-27T19:30+02:00;0.2045
2019-07-27T19:45+02:00;0.2467
2019-07-27T20:00+02:00;0.2089
2019-07-27T20:15+02:00;0.1960
2019-07-27T20:30+02:00;0.2723
2019-07-27T20:45+02:00;0.2084
2019-07-27T21:00+02:00;0.1988
2019-07-27T21:15+02:00;0.2065
2019-07-27T21:30+02:00;0.1287
2019-07-27T21:45+02:00;0.1083
2019-07-27T22:00+02:00;0.1025
2019-07-27T22:15+02:00;0.0931
2019-07-27T22:30+02:00;0.0972
2019-07-27T22:45+02:00;0.0813
2019-07-27T23:00+02:00;0.0738
2019-07-27T23:15+02:00;0.0514
2019-07-27T23:30+02:00;0.0518
2019-07-27T23:45+02:00;0.0426
2019-07-28T00:00+02:00;0.0364
2019-07-28T00:15+02:00;0.0364
2019-07-28T00:30+02:00;0.0255
2019-07-28T00:45+02:00;0.0325
2019-07-28T01:00+02:00;0.0358
2019-07-28T01:15+02:00;0.0311
2019-07-28T01:30+02:00;0.0346
2019-07-28T01:45+02:00;0.0289
2019-07-28T02:00+02:00;0.0291
2019-07-28T02:15+02:00;0.0253
2019-07-28T02:30+02:00;0.0349
2019-07-28T02:45+02:00;0.0306
2019-07-28T03:00+02:00;0.0333
2019-07-28T03:15+02:00;0.0320
2019-07-28T03:30+02:00;0.0213
2019-07-28T03:45+02:00;0.0296
2019-07-28T04:00+02:00;0.0304
2019-07-28T04:15+02:00;0.0411
2019-07-28T04:30+02:00;0.0451
2019-07-28T04:45+02:00;0.0815
2019-07-28T05:00+02:00;0.0808
2019-07-28T05:15+02:00;0.1241
2019-07-28T05:30+02:00;0.1362
2019-07-28T05:45+02:00;0.1589
2019-07-28T06:00+02:00;0.1780
2019-07-28T06:15+02:00;0.1705
2019-07-28T06:30+02:00;0.1409
2019-07-28T06:45+02:00;0.0980
2019-07-28T07:00+02:00;0.0893
2019-07-28T07:15+02:00;0.0629
2019-07-28T07:30+02:00;0.0353
2019-07-28T07:45+02:00;0.0237
2019-07-28T08:00+02:00;0.0179
2019-07-28T08:15+02:00;0.0359
2019-07-28T08:30+02:00;0.0544
2019-07-28T08:45+02:00;0.0687
2019-07-28T09:00+02:00;0.0971
2019-07-28T09:15+02:00;0.0984
2019-07-28T09:30+02:00;0.0997
2019-07-28T09:45+02:00;0.1195
2019-07-28T10:00+02:00;0.1088
2019-07-28T10:15+02:00;0.0808
2019-07-28T10:30+02:00;0.1020
2019-07-28T10:45+02:00;0.0855
2019-07-28T11:00+02:00;0.1004
2019-07-28T11:15+02:00;0.1075
2019-07-28T11:30+02:00;0.0938
2019-07-28T11:45+02:00;0.0773
2019-07-28T12:00+02:00;0.0674
2019-07-28T12:15+02:00;0.0393
2019-07-28T12:30+02:00;0.0360
2019-07-28T12:45+02:00;0.0136
2019-07-28T13:00+02:00;0.0085
2019-07-28T13:15+02:00;0.0117
2019-07-28T13:30+02:00;0.0303
2019-07-28T13:45+02:00;0.0706
2019-07-28T14:00+02:00;0.1243
2019-07-28T14:15+02:00;0.1765
2019-07-28T14:30+02:00;0.1722
2019-07-28T14:45+02:00;0.2909
2019-07-28T15:00+02:00;0.2987
2019-07-28T15:15+02:00;0.2380
2019-07-28T15:30+02:00;0.2211
2019-07-28T15:45+02:00;0.2414
2019-07-28T16:00+02:00;0.1772
2019-07-28T16:15+02:00;0.2074
2019-07-28T16:30+02:00;0.2126
2019-07-28T16:45+02:00;0.1840
2019-07-28T17:00+02:00;0.2266
2019-07-28T17:15+02:00;0.2534
2019-07-28T17:30+02:00;0.2692
2019-07-28T17:45+02:00;0.2863
2019-07-28T18:00+02:00;0.2479
2019-07-28T18:15+02:00;0.2134
2019-07-28T18:30+02:00;0.2430
2019-07-28T18:45+02:00;0.1866
2019-07-28T19:00+02:00;0.2347
2019-07-28T19:15+02:00;0.2270
2019-07-28T19:30+02:00;0.2555
2019-07-28T19:45+02:00;0.2465
2019-07-28T20:00+02:00;0.2512
2019-07-28T20:15+02:00;0.2939
2019-07-28T20:30+02:00;0.2312
2019-07-28T20:45+02:00;0.2796
2019-07-28T21:00+02:00;0.2643
2019-07-28T21:15+02:00;0.2380
2019-07-28T21:30+02:00;0.1993
2019-07-28T21:45+02:00;0.1523
2019-07-28T22:00+02:00;0.1390
2019-07-28T22:15+02:00;0.1020
2019-07-28T22:30+02:00;0.0904
2019-07-28T22:45+02:00;0.0944
2019-07-28T23:00+02:00;0.0852
2019-07-28T23:15+02:00;0.0665
2019-07-28T23:30+02:00;0.0541
2019-07-28T23:45+02:00;0.0450
2019-07-29T00:00+02:00;0.0259
2019-07-29T00:15+02:00;0.0207
2019-07-29T00:30+02:00;0.0254
2019-07-29T00:45+02:00;0.0231
2019-07-29T01:00+02:00;0.0288
2019-07-29T01:15+02:00;0.0296
2019-07-29T01:30+02:00;0.0204
2019-07-29T01:45+02:00;0.0218
2019-07-29T02:00+02:00;0.0244
2019-07-29T02:15+02:00;0.0243
2019-07-29T02:30+02:00;0.0296
2019-07-29T02:45+02:00;0.0285
2019-07-29T03:00+02:00;0.0205
2019-07-29T03:15+02:00;0.0193
2019-07-29T03:30+02:00;0.0209
2019-07-29T03:45+02:00;0.0174
2019-07-29T04:00+02:00;0.0299
2019-07-29T04:15+02:00;0.0266
2019-07-29T04:30+02:00;0.0440
2019-07-29T04:45+02:00;0.0511
2019-07-29T05:00+02:00;0.0758
2019-07-29T05:15+02:00;0.0822
2019-07-29T05:30+02:00;0.0940
2019-07-29T05:45+02:00;0.1063
2019-07-29T06:00+02:00;0.1334
2019-07-29T06:15+02:00;0.1024
2019-07-29T06:30+02:00;0.0961
2019-07-29T06:45+02:00;0.1116
2019-07-29T07:00+02:00;0.0791
2019-07-29T07:15+02:00;0.0582
2019-07-29T07:30+02:00;0.0296
2019-07-29T07:45+02:00;0.0227
2019-07-29T08:00+02:00;0.0202
2019-07-29T08:15+02:00;0.0251
2019-07-29T08:30+02:00;0.0427
2019-07-29T08:45+02:00;0.0686
2019-07-29T09:00+02:00;0.0723
2019-07-29T09:15+02:00;0.1175
2019-07-29T09:30+02:00;0.0905
2019-07-29T09:45+02:00;0.0920
2019-07-29T10:00+02:00;0.0837
2019-07-29T10:15+02:00;0.0807
2019-07-29T10:30+02:00;0.0844
2019-07-29T10:45+02:00;0.0770
2019-07-29T11:00+02:00;0.0735
2019-07-29T11:15+02:00;0.0781
2019-07-29T11:30+02:00;0.0767
2019-07-29T11:45+02:00;0.0558
2019-07-29T12:00+02:00;0.0450
2019-07-29T12:15+02:00;0.0336
2019-07-29T12:30+02:00;0.0204
2019-07-29T12:45+02:00;0.0107
2019-07-29T13:00+02:00;0.0078
2019-07-29T13:15+02:00;0.0091
2019-07-29T13:30+02:00;0.0263
2019-07-29T13:45+02:00;0.0520
2019-07-29T14:00+02:00;0.0966
2019-07-29T14:15+02:00;0.1619
2019-07-29T14:30+02:00;0.1873
2019-07-29T14:45+02:00;0.1806
2019-07-29T15:00+02:00;0.2109
2019-07-29T15:15+02:00;0.2012
2019-07-29T15:30+02:00;0.2078
2019-07-29T15:45+02:00;0.1861
2019-07-29T16:00+02:00;0.1740
2019-07-29T16:15+02:00;0.1221
2019-07-29T16:30+02:00;0.1233
2019-07-29T16:45+02:00;0.1311
2019-07-29T17:00+02:00;0.2066
2019-07-29T17:15+02:00;0.1897
2019-07-29T17:30+02:00;0.1884
2019-07-29T17:45+02:00;0.2086
2019-07-29T18:00+02:00;0.2152
2019-07-29T18:15+02:00;0.2120
2019-07-29T18:30+02:00;0.2092
2019-07-29T18:45+02:00;0.2015
2019-07-29T19:00+02:00;0.1754
2019-07-29T19:15+02:00;0.1791
2019-07-29T19:30+02:00;0.2211
2019-07-29T19:45+02:00;0.2226
2019-07-29T20:00+02:00;0.2555
2019-07-29T20:15+02:00;0.2157
2019-07-29T20:30+02:00;0.2571
2019-07-29T20:45+02:00;0.1798
2019-07-29T21:00+02:00;0.2298
2019-07-29T21:15+02:00;0.1634
2019-07-29T21:30+02:00;0.1743
2019-07-29T21:45+02:00;0.1085
2019-07-29T22:00+02:00;0.0875
2019-07-29T22:15+02:00;0.1034
2019-07-29T22:30+02:00;0.0734
2019-07-29T22:45+02:00;0.0742
2019-07-29T23:00+02:00;0.0553
2019-07-29T23:15+02:00;0.0550
2019-07-29T23:30+02:00;0.0536
2019-07-29T23:45+02:00;0.0361
2019-07-30T00:00+02:00;0.0164
2019-07-30T00:15+02:00;0.0165
2019-07-30T00:30+02:00;0.0132
2019-07-30T00:45+02:00;0.0172
2019-07-30T01:00+02:00;0.0134
2019-07-30T01:15+02:00;0.0127
2019-07-30T01:30+02:00;0.0182
2019-07-30T01:45+02:00;0.0166
2019-07-30T02:00+02:00;0.0177
2019-07-30T02:15+02:00;0.0162
2019-07-30T02:30+02:00;0.0177
2019-07-30T02:45+02:00;0.0193
2019-07-30T03:00+02:00;0.0181
2019-07-30T03:15+02:00;0.0134
2019-07-30T03:30+02:00;0.0115
2019-07-30T03:45+02:00;0.0133
2019-07-30T04:00+02:00;0.0173
2019-07-30T04:15+02:00;0.0217
2019-07-30T04:30+02:00;0.0272
2019-07-30T04:45+02:00;0.0360
2019-07-30T05:00+02:00;0.0445
2019-07-30T05:15+02:00;0.0512
2019-07-30T05:30+02:00;0.0777
2019-07-30T05:45+02:00;0.0743
2019-07-30T06:00+02:00;0.0836
2019-07-30T06:15+02:00;0.0845
2019-07-30T06:30+02:00;0.0589
2019-07-30T06:45+02:00;0.0545
2019-07-30T07:00+02:00;0.0411
2019-07-30T07:15+02:00;0.0329
2019-07-30T07:30+02:00;0.0177
2019-07-30T07:45+02:00;0.0143
2019-07-30T08:00+02:00;0.0130
2019-07-30T08:15+02:00;0.0187
2019-07-30T08:30+02:00;0.0233
2019-07-30T08:45+02:00;0.0355
2019-07-30T09:00+02:00;0.0504
2019-07-30T09:15+02:00;0.0738
2019-07-30T09:30+02:00;0.0619
2019-07-30T09:45+02:00;0.0636
2019-07-30T10:00+02:00;0.0465
2019-07-30T10:15+02:00;0.0465
2019-07-30T10:30+02:00;0.0376
2019-07-30T10:45+02:00;0.0451
2019-07-30T11:00+02:00;0.0391
2019-07-30T11:15+02:00;0.0417
2019-07-30T11:30+02:00;0.0535
2019-07-30T11:45+02:00;0.0424
2019-07-30T12:00+02:00;0.0308
2019-07-30T12:15+02:00;0.0271
2019-07-30T12:30+02:00;0.0167
2019-07-30T12:45+02:00;0.0076
2019-07-30T13:00+02:00;0.0036
2019-07-30T13:15+02:00;0.0056
2019-07-30T13:30+02:00;0.0138
2019-07-30T13:45+02:00;0.0392
2019-07-30T14:00+02:00;0.0585
2019-07-30T14:15+02:00;0.0786
2019-07-30T14:30+02:00;0.1294
2019-07-30T14:45+02:00;0.1123
2019-07-30T15:00+02:00;0.1342
2019-07-30T15:15+02:00;0.1371
2019-07-30T15:30+02:00;0.1286
2019-07-30T15:45+02:00;0.1073
2019-07-30T16:00+02:00;0.1037
2019-07-30T16:15+02:00;0.1126
2019-07-30T16:30+02:00;0.1110
2019-07-30T16:45+02:00;0.1206
2019-07-30T17:00+02:00;0.0986
2019-07-30T17:15+02:00;0.1534
2019-07-30T17:30+02:00;0.1164
2019-07-30T17:45+02:00;0.1182
2019-07-30T18:00+02:00;0.1156
2019-07-30T18:15+02:00;0.1509
2019-07-30T18:30+02:00;0.0992
2019-07-30T18:45+02:00;0.0993
2019-07-30T19:00+02:00;0.0962
2019-07-30T19:15+02:00;0.1148
2019-07-30T19:30+02:00;0.1193
2019-07-30T19:45+02:00;0.1526
2019-07-30T20:00+02:00;0.1467
2019-07-30T20:15+02:00;0.1435
2019-07-30T20:30+02:00;0.1535
2019-07-30T20:45+02:00;0.1708
2019-07-30T21:00+02:00;0.1521
2019-07-30T21:15+02:00;0.1243
2019-07-30T21:30+02:00;0.0801
2019-07-30T21:45+02:00;0.0885
2019-07-30T22:00+02:00;0.0576
2019-07-30T22:15+02:00;0.0630
2019-07-30T22:30+02:00;0.0510
2019-07-30T22:45+02:00;0.0493
2019-07-30T23:00+02:00;0.0390
2019-07-30T23:15+02:00;0.0339
2019-07-30T23:30+02:00;0.0351
2019-07-30T23:45+02:00;0.0248
2019-07-31T00:00+02:00;0.0167
2019-07-31T00:15+02:00;0.0144
2019-07-31T00:30+02:00;0.0139
2019-07-31T00:45+02:00;0.0170
2019-07-31T01:00+02:00;0.0164
2019-07-31T01:15+02:00;0.0122
2019-07-31T01:30+02:00;0.0154
2019-07-31T01:45+02:00;0.0153
2019-07-31T02:00+02:00;0.0130
2019-07-31T02:15+02:00;0.0132
2019-07-31T02:30+02:00;0.0160
2019-07-31T02:45+02:00;0.0127
2019-07-31T03:00+02:00;0.0158
2019-07-31T03:15+02:00;0.0166
2019-07-31T03:30+02:00;0.0120
2019-07-31T03:45+02:00;0.0137
2019-07-31T04:00+02:00;0.0150
2019-07-31T04:15+02:00;0.0225
2019-07-31T04:30+02:00;0.0291
2019-07-31T04:45+02:00;0.0339
2019-07-31T05:00+02:00;0.0491
2019-07-31T05:15+02:00;0.0511
2019-07-31T05:30+02:00;0.0655
2019-07-31T05:45+02:00;0.0633
2019-07-31T06:00+02:00;0.0737
2019-07-31T06:15+02:00;0.0777
2019-07-31T06:30+02:00;0.0587
2019-07-31T06:45+02:00;0.0460
2019-07-31T07:00+02:00;0.0357
2019-07-31T07:15+02:00;0.0329
2019-07-31T07:30+02:00;0.0159
2019-07-31T07:45+02:00;0.0121
2019-07-31T08:00+02:00;0.0105
2019-07-31T08:15+02:00;0.0163
2019-07-31T08:30+02:00;0.0270
2019-07-31T08:45+02:00;0.0385
2019-07-31T09:00+02:00;0.0421
2019-07-31T09:15+02:00;0.0519
2019-07-31T09:30+02:00;0.0545
2019-07-31T09:45+02:00;0.0568
2019-07-31T10:00+02:00;0.0478
2019-07-31T10:15+02:00;0.0389
2019-07-31T10:30+02:00;0.0482
2019-07-31T10:45+02:00;0.0467
2019-07-31T11:00+02:00;0.0479
2019-07-31T11:15+02:00;0.0531
2019-07-31T11:30+02:00;0.0406
2019-07-31T11:45+02:00;0.0311
2019-07-31T12:00+02:00;0.0326
2019-07-31T12:15+02:00;0.0259
2019-07-31T12:30+02:00;0.0151
2019-07-31T12:45+02:00;0.0094
2019-07-31T13:00+02:00;0.0043
2019-07-31T13:15+02:00;0.0064
2019-07-31T13:30+02:00;0.0177
2019-07-31T13:45+02:00;0.0370
2019-07-31T14:00+02:00;0.0651
2019-07-31T14:15+02:00;0.0979
2019-07-31T14:30+02:00;0.1152
2019-07-31T14:45+02:00;0.1271
2019-07-31T15:00+02:00;0.1110
2019-07-31T15:15+02:00;0.1230
2019-07-31T15:30+02:00;0.1333
2019-07-31T15:45+02:00;0.0926
2019-07-31T16:00+02:00;0.1191
2019-07-31T16:15+02:00;0.0792
2019-07-31T16:30+02:00;0.1000
2019-07-31T16:45+02:00;0.0860
2019-07-31T17:00+02:00;0.1090
2019-07-31T17:15+02:00;0.1511
2019-07-31T17:30+02:00;0.1230
2019-07-31T17:45+02:00;0.1394
2019-07-31T18:00+02:00;0.1142
2019-07-31T18:15+02:00;0.1001
2019-07-31T18:30+02:00;0.1026
2019-07-31T18:45+02:00;0.0940
2019-07-31T19:00+02:00;0.1116
2019-07-31T19:15+02:00;0.1104
2019-07-31T19:30+02:00;0.0973
2019-07-31T19:45+02:00;0.1290
2019-07-31T20:00+02:00;0.1226
2019-07-31T20:15+02:00;0.1238
2019-07-31T20:30+02:00;0.1550
2019-07-31T20:45+02:00;0.1256
2019-07-31T21:00+02:00;0.1220
2019-07-31T21:15+02:00;0.1236
2019-07-31T21:30+02:00;0.0888
2019-07-31T21:45+02:00;0.0852
2019-07-31T22:00+02:00;0.0630
2019-07-31T22:15+02:00;0.0594
2019-07-31T22:30+02:00;0.0581
2019-07-31T22:45+02:00;0.0411
2019-07-31T23:00+02:00;0.0417
2019-07-31T23:15+02:00;0.0360
2019-07-31T23:30+02:00;0.0240
2019-07-31T23:45+02:00;0.0215
